[
    {"photo":"https://i.ibb.co/233CQjhC/63cbb277138d.png","auth":"𝐓𝐑𝐀𝐌𝐀_𝐙𝐎𝐎𝐋 💊❌"},{"photo":"https://i.ibb.co/d4C8YhWg/6821f94eda57.jpg","auth":"𝐓𝐑𝐀𝐌𝐀_𝐙𝐎𝐎𝐋 💊❌"},{"photo":"https://i.ibb.co/G432GFJn/ebed1a22b2c6.jpg","auth":"𝐓𝐑𝐀𝐌𝐀_𝐙𝐎𝐎𝐋 💊❌"},{"photo":"https://i.ibb.co/9kdc9rK1/6e8b238c9fdd.jpg","auth":"𝐓𝐑𝐀𝐌𝐀_𝐙𝐎𝐎𝐋 💊❌"},{"photo":"https://i.ibb.co/hR5gFjMm/cc8eb42ae18a.jpg","auth":"𝐓𝐑𝐀𝐌𝐀_𝐙𝐎𝐎𝐋 💊❌"},{"photo":"https://i.ibb.co/fdZGNDDp/6696e758af99.jpg","auth":"𝐓𝐑𝐀𝐌𝐀_𝐙𝐎𝐎𝐋 💊❌"},{"photo":"https://i.ibb.co/n40nbS6/d527810fc20a.jpg","auth":"𝐓𝐑𝐀𝐌𝐀_𝐙𝐎𝐎𝐋 💊❌"},{"photo":"https://i.ibb.co/HTgj7pfP/a8d064b4194f.jpg","auth":"𝐓𝐑𝐀𝐌𝐀_𝐙𝐎𝐎𝐋 💊❌"},{"photo":"https://i.ibb.co/TMfCyYfy/fd89ce640b97.jpg","auth":"𝐓𝐑𝐀𝐌𝐀_𝐙𝐎𝐎𝐋 💊❌"},{"photo":"https://i.ibb.co/WWCWjNd7/5e4469a936ce.jpg","auth":"."},{"photo":"https://i.ibb.co/LXWKdQWw/4bf50da6a35b.jpg","auth":"Salih Omer"},{"photo":"https://i.ibb.co/nsGcVN05/9ade6161079b.jpg","auth":"HjHj☆Hero🔻🌀احمد☆الهجا"},{"photo":"https://i.ibb.co/2YPDF3rk/4a7a98f339fa.jpg","auth":"."},{"photo":"https://i.ibb.co/prhGz470/2c2e43df0bef.jpg","auth":"𝐓𝐑𝐀𝐌𝐀_𝐙𝐎𝐎𝐋 💊❌"},{"photo":"https://i.ibb.co/4zLw6jP/eb7ee0e67e2c.jpg","auth":"𝐓𝐑𝐀𝐌𝐀_𝐙𝐎𝐎𝐋 💊❌"},{"photo":"https://i.ibb.co/Kc81CFMY/94df2bacb068.jpg","auth":"Salih Omer"},{"photo":"https://i.ibb.co/VYg3JDHB/81e1f8291d5e.jpg","auth":"Salih Omer"},{"photo":"https://i.ibb.co/hRDy4ZR3/76faedaf9beb.jpg","auth":"𝐓𝐑𝐀𝐌𝐀_𝐙𝐎𝐎𝐋 💊❌"},{"photo":"https://i.ibb.co/hRDy4ZR3/76faedaf9beb.jpg","auth":"𝐓𝐑𝐀𝐌𝐀_𝐙𝐎𝐎𝐋 💊❌"},{"photo":"https://i.ibb.co/hRDy4ZR3/76faedaf9beb.jpg","auth":"𝐓𝐑𝐀𝐌𝐀_𝐙𝐎𝐎𝐋 💊❌"},{"photo":"https://i.ibb.co/hRDy4ZR3/76faedaf9beb.jpg","auth":"𝐓𝐑𝐀𝐌𝐀_𝐙𝐎𝐎𝐋 💊❌"},{"photo":"https://i.ibb.co/rKQ8xxwx/43e3550de168.webp","auth":"."},{"photo":"https://i.ibb.co/6cY73v44/0aacfee5c43b.jpg","auth":"عمر أبوبكر __omer abobker"},{"photo":"https://i.ibb.co/FQsQgN6/360da65c6bdb.jpg","auth":"HjHj☆Hero🔻🌀احمد☆الهجا"}

]