[
  {
    "sender": "249992134574@s.whatsapp.net",
    "s_id": "8f248068-a550-4b73-ad1d-ffc6eaa20b8f"
  },
  {
    "sender": "905538658113@s.whatsapp.net",
    "s_id": "ac0ad709-d363-4b47-b535-efcdbc003093"
  },
  {
    "sender": "249995436584@s.whatsapp.net",
    "s_id": "9347b273-80be-487d-938c-6f6370bb4321"
  },
  {
    "sender": "249124313518@s.whatsapp.net",
    "s_id": "f3c0e078-72c5-4acf-b286-dfa9a8689490"
  },
  {
    "sender": "249997688097@s.whatsapp.net",
    "s_id": "7e46b106-5376-43f8-b7d3-111db9bdaf36"
  },
  {
    "sender": "249115742036@s.whatsapp.net",
    "s_id": "11c8044a-fdde-4f55-a76d-18938b476f6d"
  },
  {
    "sender": "201221633347@s.whatsapp.net",
    "s_id": "b44965df-41fd-4167-bd50-ae68ce698c4d"
  },
  {
    "sender": "249118554818@s.whatsapp.net",
    "s_id": "ecebe192-06e1-4a9a-bf27-dcc632e624e6"
  },
  {
    "sender": "249112199812@s.whatsapp.net",
    "s_id": "a8b4612e-5559-4b92-a685-3ba2f13c0126"
  },
  {
    "sender": "249994467207@s.whatsapp.net",
    "s_id": "5b528379-9831-480a-9a45-aec218b11e09"
  },
  {
    "sender": "249903396184@s.whatsapp.net",
    "s_id": "3106e333-dfd4-4a07-8e4a-81796dcec486"
  },
  {
    "sender": "249960705949@s.whatsapp.net",
    "s_id": "7f8555d7-56a7-4605-b667-a243595995f7"
  },
  {
    "sender": "249129073685@s.whatsapp.net",
    "s_id": "2ba2712e-db4f-4780-8534-d9179d46ff08"
  },
  {
    "sender": "249904380837@s.whatsapp.net",
    "s_id": "be01ddc6-5547-4e8f-be1a-4d7dfe16dba9"
  },
  {
    "sender": "249121484160@s.whatsapp.net",
    "s_id": "ce524314-91e6-4b92-9cdd-89514ca36754"
  },
  {
    "sender": "249128486031@s.whatsapp.net",
    "s_id": "6bf442cc-df12-4176-97f6-26f759a7a8fe"
  },
  {
    "sender": "966546193352@s.whatsapp.net",
    "s_id": "c03874f9-29b8-40b0-828a-10615049da32"
  },
  {
    "sender": "249118771502@s.whatsapp.net",
    "s_id": "fee93170-bdbd-4015-b2cb-f0571c2aa9f4"
  }
]