[{"sender":"249904077717@s.whatsapp.net","reason":"sex"},{"sender":"249118446189@s.whatsapp.net","reason":"بلود سترايك العرب—وصل الغضب الدامي! احصل على مكافآت بقيمة 100 دولار عند التنزيل الآن! قم بتسجيل الدخول في 25 ديسمبر لجمع مظهر فائق. انضم إلى المرح وقم بالتنزيل اليوم!\nhttps://www.blood-strike.com/m/bloodrage/?wtf=eyjtb2rlijogilvzzufjdgl2axr5sw52axrlq29kzsisicjjb2rlijogikeyctbmmffjt1nfrc81axcilcaizgv2awnlx2lkijogije3njnimzy3njgymzizmgeifq2equalequal2\n (انقر على الرابط مرة أخرى بعد التنزيل للحصول على urb - الفولاذ الأسود)."},{"sender":"249112244998@s.whatsapp.net","reason":".plana اتينيههسكيخيهيههزيخeieisiuسسهقههثثكسككسسكسسكخلخلمقنقنقنقنقهقسهقهقزثظسح"},{"sender":"905010455295@s.whatsapp.net","reason":"you know what i'm done with this shit asking you to speak arabic and don't give a fuck for what im saying"},{"sender":"201005231576@s.whatsapp.net","reason":"نعم زبي منتصب ومليء بالمني واريد افراغه بسرعه"},{"sender":"249117033647@s.whatsapp.net","reason":"plana are you bitch?"},{"sender":"249998822200@s.whatsapp.net","reason":"he asked you for a sexy picture of yourself."},{"sender":"249904069129@s.whatsapp.net","reason":"pussy"},{"sender":"201553628400@s.whatsapp.net","reason":"nigga shur ur bitch ass"},{"sender":"201210767863@s.whatsapp.net","reason":"i will rape you"},{"sender":"201157406050@s.whatsapp.net","reason":"i wanna fuck u in a brotherly way"},{"sender":"249110483920@s.whatsapp.net","reason":"i want you to suck my penis"},{"sender":"249116017568@s.whatsapp.net","reason":"😂😂😂😂😂🔥تكزبي"},{"sender":"249128432015@s.whatsapp.net","reason":"الشجر اساس التغطية كسمك الارضية ويشكل نسبة كثيرة من انتاج الاكسجين في الكوكب"},{"sender":"249119060551@s.whatsapp.net","reason":"yes you are too sexy"},{"sender":"249906419204@s.whatsapp.net","reason":"fuck you"},{"sender":"201119098506@s.whatsapp.net","reason":"l want to fuck you 🥹💗"},{"sender":"249121128939@s.whatsapp.net","reason":"fuck you bitch"},{"sender":"249127125038@s.whatsapp.net","reason":"shut up bitch"},{"sender":"249116104154@s.whatsapp.net","reason":"then what the fuck can you understand"},{"sender":"249116054478@s.whatsapp.net","reason":"fuck i was kidding but what are u mean by good for u"},{"sender":"249120023777@s.whatsapp.net","reason":"fuck u"},{"sender":"249912193860@s.whatsapp.net","reason":"امسكي قضيبي"},{"sender":"905309546996@s.whatsapp.net","reason":"دايراني انيكك يعني.؟"},{"sender":"249125749332@s.whatsapp.net","reason":"ممكن انيكك ؟"},{"sender":"249907973449@s.whatsapp.net","reason":"i want to do sex with you can i"},{"sender":"249904077717@s.whatsapp.net","reason":"this is a test\nass"},{"sender":"201221633347@s.whatsapp.net","reason":"asset"},{"sender":"218946944570@s.whatsapp.net","reason":"fuck your mother"},{"sender":"249963302974@s.whatsapp.net","reason":"nigga u r nawt a human to hav a brain u r just a fuckin bot who used to chatting loneliness ppl like me"}]