[{"sender":"249112713832@s.whatsapp.net","character":"U3dJdreV9rrvUiAnILMauI-oNH838a8E_kEYfOFPalE"},{"sender":"249909975264@s.whatsapp.net","character":"iFC8Gf9XgySfuaoCKYU68PiOUdMM9BmW1sbJ5blon_8"},{"sender":"966546894975@s.whatsapp.net","character":"qHQSfSiZsf-AJ62caRT6gBzY9oglErugJ6QQXyOyVOE"},{"sender":"201141213560@s.whatsapp.net","character":"CUpKtrMSyEq7p-W4jI3HBJjYToBCVe0oa2vu4akrZLc"},{"sender":"96892952611@s.whatsapp.net","character":"kTCg9BHkcLtppfttkW5V6oIvpP9iDb4kKHMONLg5GxY"},{"sender":"249908586023@s.whatsapp.net","character":"9iKOKik_73e0MQfdVLITrxxGHjkxhW4v95CXRsC9MjE"},{"sender":"249124056548@s.whatsapp.net","character":"4OK7C13Z_MsiQrZj-ygpnK2Md3wGbUBgmQQahU1xetk"},{"sender":"249129269182@s.whatsapp.net","character":"9iKOKik_73e0MQfdVLITrxxGHjkxhW4v95CXRsC9MjE"},{"sender":"249113984380@s.whatsapp.net","character":"CUpKtrMSyEq7p-W4jI3HBJjYToBCVe0oa2vu4akrZLc"},{"sender":"249116711728@s.whatsapp.net","character":"CUpKtrMSyEq7p-W4jI3HBJjYToBCVe0oa2vu4akrZLc"},{"sender":"249121870601@s.whatsapp.net","character":"ikAyQ2NGj53jmKlaEoYDkzL_2xPSiiM_Wr-SxTKbQNg"},{"sender":"249900198618@s.whatsapp.net","character":"4WOVrCApi4JYwfYwU2e5eDeFalLOkGBw6IfUZPX1XVQ"},{"sender":"201556698021@s.whatsapp.net","character":"CPzWLN939JIlyNVKosDwU1Tc2yS3eylbMTqLfHxPYYs"},{"sender":"249110106494@s.whatsapp.net","character":"RQrrOj-UNdEV2_PC5D03US-27MZ7EUtaRH_husjbRQA"},{"sender":"249967012128@s.whatsapp.net","character":"K40-I_uCmIgUDGN-nqOZAlSjq_gkjGJcjcog0woE5oo"},{"sender":"249129188316@s.whatsapp.net","character":"8hkcYDXGKPoCKA5k11k2MA2ZU85yaXTVpBkWD4ROCA0"},{"sender":"201143969358@s.whatsapp.net","character":"T1w3N_O3NvKg_lDEMSgAl9tKRddBfYzTzQ7uffbGsLY"},{"sender":"249906042922@s.whatsapp.net","character":"CUpKtrMSyEq7p-W4jI3HBJjYToBCVe0oa2vu4akrZLc"},{"sender":"249117272337@s.whatsapp.net","character":"T5Ql_ZL00ate0uo_IoohxFlwsKdAdjRejzs8CGVg8zI"},{"sender":"249111050628@s.whatsapp.net","character":"glVg6ZAZZecZn18rG1DaSkK6Oij9fLd6JWs2azEatyo"},{"sender":"79899813879@s.whatsapp.net","character":"4OK7C13Z_MsiQrZj-ygpnK2Md3wGbUBgmQQahU1xetk"},{"sender":"966572695006@s.whatsapp.net","character":"-qTFCNDgSZwrMslkS-JqgDBCIi8WnfrRJ5K_ycCceHg"},{"sender":"249905430659@s.whatsapp.net","character":"zISqldbxDP0sG2UfhCYcGNVtF7tksXNLUcuo5wTu5OM"},{"sender":"201221633347@s.whatsapp.net","character":"mjXUW7g8iiNCwMzvHaTVd-A3cRrsUMl2eo_Brvx3izM"},{"sender":"201080885931@s.whatsapp.net","character":"p4_mACkTi5d5IGbtshcdQYD8v5r6LI0RtdeIjQaBQ0A"},{"sender":"249122618252@s.whatsapp.net","character":"scsnOOq2jDNHqRpA9Inuckrb5HHqyQZgtxPFQyPJ-eQ"},{"sender":"249100122729@s.whatsapp.net","character":"qH0q9Q72cyYWgpVQZAcSr4-wY4VdzHypY3Iu6tzALRE"},{"sender":"249906465951@s.whatsapp.net","character":"CUpKtrMSyEq7p-W4jI3HBJjYToBCVe0oa2vu4akrZLc"},{"sender":"967730889643@s.whatsapp.net","character":"uOjHCr6aWF5feQY25dPWZq2LlaEEPJkR5iz-JvzVjLw"},{"sender":"249124406410@s.whatsapp.net","character":"14Lg3R6kDvSOwV9WQcZJHiYuFv84T-kkTabEZpsJo-8"},{"sender":"249113322165@s.whatsapp.net","character":"4WOVrCApi4JYwfYwU2e5eDeFalLOkGBw6IfUZPX1XVQ"},{"sender":"96892754694@s.whatsapp.net","character":"QZmU2FJxM1vDzFxufgcgk7KDBVBHBpA98ma5hu7PNVc"},{"sender":"249122331430@s.whatsapp.net","character":"wSJPfvPmFR6DSstyNxRgVqclPQnTM_P1HkhpHtYYwko"},{"sender":"249115359952@s.whatsapp.net","character":"XM6swQ9jXz6OpVU3zt8nIm6t1lTcEMvSQTEaNUETupk"},{"sender":"211911146924@s.whatsapp.net","character":"CPzWLN939JIlyNVKosDwU1Tc2yS3eylbMTqLfHxPYYs"},{"sender":"967730756174@s.whatsapp.net","character":"chLgBLpQmOU8LrHSW4qjgD_sdznz12sSlBmQbPBvX0M"},{"sender":"967739369282@s.whatsapp.net","character":"uOjHCr6aWF5feQY25dPWZq2LlaEEPJkR5iz-JvzVjLw"},{"sender":"967772264204@s.whatsapp.net","character":"uOjHCr6aWF5feQY25dPWZq2LlaEEPJkR5iz-JvzVjLw"},{"sender":"249960816590@s.whatsapp.net","character":"xoRaBW_msA53MMmx3EYYHAMZ03K2MJtFMjtihpS8dZM"},{"sender":"967774625179@s.whatsapp.net","character":"uOjHCr6aWF5feQY25dPWZq2LlaEEPJkR5iz-JvzVjLw"},{"sender":"201096870579@s.whatsapp.net","character":"VSXEyjQs0dPukgb-2fmwrgpM2LfkhQydaCUs7uA8d4U"},{"sender":"249126878577@s.whatsapp.net","character":"ZkF50Bv9InV3NaWxMAc6n2ksu7w-OerMtGIgz9q0nDw"},{"sender":"201557089055@s.whatsapp.net","character":"lpFOkkM_EHLcW7KF9mEEC4FMZjHUWC3D7DZRvPaGfgo"},{"sender":"249119436109@s.whatsapp.net","character":"RQrrOj-UNdEV2_PC5D03US-27MZ7EUtaRH_husjbRQA"},{"sender":"249900105855@s.whatsapp.net","character":"eGPYvuu9WnIzP4gHbkgwe3cTtqwfnLi5QUNip_q8Le4"},{"sender":"249121484160@s.whatsapp.net","character":"zISqldbxDP0sG2UfhCYcGNVtF7tksXNLUcuo5wTu5OM"},{"sender":"249122719346@s.whatsapp.net","character":"adra6-XBImR6wWzositZKGS-TM61B3r9Kic0X_9RFDI"},{"sender":"249963233030@s.whatsapp.net","character":"jeC02ArWFsboN8OyW16Q734QTnnWza_wwQl7gu_Wy0o"},{"sender":"9647725799148@s.whatsapp.net","character":"PlppKLKPjasfF9XkCa0vKbdC6wY48mZ6QkjP8LNuY-g"},{"sender":"249994531619@s.whatsapp.net","character":"CUpKtrMSyEq7p-W4jI3HBJjYToBCVe0oa2vu4akrZLc"},{"sender":"201064266991@s.whatsapp.net","character":"x2TwLYFScjmHLrNLxceT6C_Y1GNeOBfHo6nGpM1NAec"},{"sender":"967777598737@s.whatsapp.net","character":"uOjHCr6aWF5feQY25dPWZq2LlaEEPJkR5iz-JvzVjLw"},{"sender":"249116154616@s.whatsapp.net","character":"4jbAcz9FUmhmEzZj99m-ArFj50uGsqXB_pQvamkG4PI"},{"sender":"249995436584@s.whatsapp.net","character":"zISqldbxDP0sG2UfhCYcGNVtF7tksXNLUcuo5wTu5OM"},{"sender":"249118810599@s.whatsapp.net","character":"u8xDvBuWuDd5RaBv1nwLzaYkpXmIhIpVD3AkyTD04kk"},{"sender":"249118554818@s.whatsapp.net","character":"oYvldeR635BcCTJsaXDsctfAo5lfS2-2cuX3ObyYE5I"},{"sender":"201500998293@s.whatsapp.net","character":"zqeVxO-ZX-WI_uTtvwdTJ-Iz7b3N4e_9skBgT4qcMzI"},{"sender":"249121824090@s.whatsapp.net","character":"zISqldbxDP0sG2UfhCYcGNVtF7tksXNLUcuo5wTu5OM"},{"sender":"249906465321@s.whatsapp.net","character":"-ZQoOd1qBY_XitCyNrBmPizvtcWRQ_9vlqz7_jjM4U0"},{"sender":"249998718196@s.whatsapp.net","character":"CNEweibHuYbVJroXdmx97zKbcUZPrpSf-kKgZ6XAqaU"},{"sender":"249904077717@s.whatsapp.net","character":"jeC02ArWFsboN8OyW16Q734QTnnWza_wwQl7gu_Wy0o"}]