[
  {
    "sender": "249122618252@s.whatsapp.net",
    "id": "717934323"
  },
  {
    "sender": "917207587091@s.whatsapp.net",
    "id": "757406273"
  },
  {
    "sender": "249111050628@s.whatsapp.net",
    "id": "657388910"
  },
  {
    "sender": "249127287338@s.whatsapp.net",
    "id": "739566980"
  },
  {
    "sender": "249116520138@s.whatsapp.net",
    "id": "765066793"
  },
  {
    "sender": "249905430659@s.whatsapp.net",
    "id": "765066793"
  },
  {
    "sender": "249115749199@s.whatsapp.net",
    "id": "738503798"
  },
  {
    "sender": "249115731658@s.whatsapp.net",
    "id": "705984925"
  },
  {
    "sender": "249996377276@s.whatsapp.net",
    "id": "740279101"
  },
  {
    "sender": "966569644915@s.whatsapp.net",
    "id": "767024457"
  },
  {
    "sender": "201557089055@s.whatsapp.net",
    "id": "643692792"
  },
  {
    "sender": "249112087807@s.whatsapp.net",
    "id": "730183867"
  },
  {
    "sender": "249116387683@s.whatsapp.net",
    "id": "754191764"
  },
  {
    "sender": "249960971072@s.whatsapp.net",
    "id": "761959293"
  },
  {
    "sender": "249961740590@s.whatsapp.net",
    "id": "705819793"
  },
  {
    "sender": "218930827118@s.whatsapp.net",
    "id": "767012162"
  },
  {
    "sender": "249121484160@s.whatsapp.net",
    "id": "731175212"
  },
  {
    "sender": "249904077717@s.whatsapp.net",
    "id": "731175212"
  }
]