[
  {
    "sender": "201557089055@s.whatsapp.net",
    "id": "716935954"
  },
  {
    "sender": "201555423448@s.whatsapp.net",
    "id": "718848184"
  },
  {
    "sender": "967730889643@s.whatsapp.net",
    "id": "715598904"
  },
  {
    "sender": "249121870601@s.whatsapp.net",
    "id": "701607417"
  },
  {
    "sender": "249924949280@s.whatsapp.net",
    "id": "Abody"
  },
  {
    "sender": "917207587091@s.whatsapp.net",
    "id": "718436000"
  },
  {
    "sender": "249118921198@s.whatsapp.net",
    "id": "719814206"
  },
  {
    "sender": "966539643404@s.whatsapp.net",
    "id": "717619383"
  },
  {
    "sender": "966539641419@s.whatsapp.net",
    "id": "717578869"
  },
  {
    "sender": "249967203030@s.whatsapp.net",
    "id": "wuthering 78654797"
  },
  {
    "sender": "249115731658@s.whatsapp.net",
    "id": "705984925"
  },
  {
    "sender": "249116387683@s.whatsapp.net",
    "id": "702856679"
  },
  {
    "sender": "249961414211@s.whatsapp.net",
    "id": "719551534"
  },
  {
    "sender": "201014287692@s.whatsapp.net",
    "id": "716969867"
  },
  {
    "sender": "249996377276@s.whatsapp.net",
    "id": "740279101"
  },
  {
    "sender": "249112087807@s.whatsapp.net",
    "id": "702723087"
  },
  {
    "sender": "249115037789@s.whatsapp.net",
    "id": ""
  },
  {
    "sender": "249961740590@s.whatsapp.net",
    "id": "register genshin 705819793"
  },
  {
    "sender": "201154187154@s.whatsapp.net",
    "id": "700155101"
  },
  {
    "sender": "249122762376@s.whatsapp.net",
    "id": "713180504"
  },
  {
    "sender": "249121484160@s.whatsapp.net",
    "id": "703959464"
  },
  {
    "sender": "201143847294@s.whatsapp.net",
    "id": "701230330"
  },
  {
    "sender": "967774625179@s.whatsapp.net",
    "id": "700074033"
  },
  {
    "sender": "967737780461@s.whatsapp.net",
    "id": "700042060"
  },
  {
    "sender": "96892754694@s.whatsapp.net",
    "id": "703893850"
  },
  {
    "sender": "249927076700@s.whatsapp.net",
    "id": "701002230"
  },
  {
    "sender": "201064266991@s.whatsapp.net",
    "id": "720546220"
  },
  {
    "sender": "249909858250@s.whatsapp.net",
    "id": "715831462"
  },
  {
    "sender": "249902495647@s.whatsapp.net",
    "id": "700462000"
  },
  {
    "sender": "97477472015@s.whatsapp.net",
    "id": "700028181"
  },
  {
    "sender": "249113050862@s.whatsapp.net",
    "id": "713009047"
  },
  {
    "sender": "249904077717@s.whatsapp.net",
    "id": "713009047"
  },
  {
    "sender": "249122331430@s.whatsapp.net",
    "id": "700159776"
  },
  {
    "sender": "249117268918@s.whatsapp.net",
    "id": "702030187"
  },
  {
    "sender": "249113209991@s.whatsapp.net",
    "id": "715792338"
  },
  {
    "sender": "249900105855@s.whatsapp.net",
    "id": "704383184"
  }
]