[{"sender":"249126030762@s.whatsapp.net","option":"voice only"},{"sender":"249116324136@s.whatsapp.net","option":"voice only"},{"sender":"201276987988@s.whatsapp.net","option":"voice and chat"},{"sender":"249121870601@s.whatsapp.net","option":"voice and chat"},{"sender":"249116711728@s.whatsapp.net","option":"voice only"},{"sender":"249116387683@s.whatsapp.net","option":"voice only"},{"sender":"249122719346@s.whatsapp.net","option":"chat only"},{"sender":"249119622705@s.whatsapp.net","option":"voice and chat"},{"sender":"249100390463@s.whatsapp.net","option":"voice only"},{"sender":"966547533412@s.whatsapp.net","option":"voice and chat"},{"sender":"201080727769@s.whatsapp.net","option":"chat only"},{"sender":"201275688807@s.whatsapp.net","option":"chat only"},{"sender":"96892754694@s.whatsapp.net","option":"chat only"},{"sender":"249962178375@s.whatsapp.net","option":"voice and chat"},{"sender":"966546894975@s.whatsapp.net","option":"voice and chat"},{"sender":"249961829386@s.whatsapp.net","option":"chat only"},{"sender":"201066919372@s.whatsapp.net","option":"voice only"},{"sender":"249125357602@s.whatsapp.net","option":"voice only"},{"sender":"18258885577@s.whatsapp.net","option":"voice only"},{"sender":"249124056548@s.whatsapp.net","option":"voice only"},{"sender":"249119406053@s.whatsapp.net","option":"voice only"},{"sender":"249112332425@s.whatsapp.net","option":"voice and chat"},{"sender":"971545911802@s.whatsapp.net","option":"chat only"},{"sender":"249114549750@s.whatsapp.net","option":"chat only"},{"sender":"249907647121@s.whatsapp.net","option":"chat only"},{"sender":"971529605038@s.whatsapp.net","option":"chat only"},{"sender":"249116154616@s.whatsapp.net","option":"chat only"},{"sender":"249127287338@s.whatsapp.net","option":"voice and chat"},{"sender":"249967851240@s.whatsapp.net","option":"voice only"},{"sender":"917207587091@s.whatsapp.net","option":"chat only"},{"sender":"249115691860@s.whatsapp.net","option":"chat only"},{"sender":"971582172785@s.whatsapp.net","option":"chat only"},{"sender":"971544890012@s.whatsapp.net","option":"chat only"},{"sender":"249100122729@s.whatsapp.net","option":"chat only"},{"sender":"249110820291@s.whatsapp.net","option":"chat only"},{"sender":"249118554818@s.whatsapp.net","option":"chat only"},{"sender":"201556698021@s.whatsapp.net","option":"chat only"},{"sender":"97471878479@s.whatsapp.net","option":"chat only"},{"sender":"201514183357@s.whatsapp.net","option":"voice and chat"},{"sender":"201557089055@s.whatsapp.net","option":"chat only"},{"sender":"967774625179@s.whatsapp.net","option":"voice only"},{"sender":"967776852235@s.whatsapp.net","option":"voice only"},{"sender":"967780053904@s.whatsapp.net","option":"chat only"},{"sender":"966538422713@s.whatsapp.net","option":"voice only"},{"sender":"249995436584@s.whatsapp.net","option":"chat only"},{"sender":"9647725799148@s.whatsapp.net","option":"chat only"},{"sender":"249995428722@s.whatsapp.net","option":"chat only"},{"sender":"249126712046@s.whatsapp.net","option":"voice and chat"},{"sender":"249113238416@s.whatsapp.net","option":"voice and chat"},{"sender":"249904077717@s.whatsapp.net","option":"chat only"}]