[
  {
    "sender": "249900105855@s.whatsapp.net",
    "link": "https://i.ibb.co/VD2XXTh/9c64e07b13cf.jpg"
  },
  {
    "sender": "249920461617@s.whatsapp.net",
    "link": "https://i.ibb.co/d53kRNm/7943e96b5695.jpg"
  },
  {
    "sender": "249111050628@s.whatsapp.net",
    "link": "https://i.ibb.co/d53kRNm/7943e96b5695.jpg"
  },
  {
    "sender": "249920584596@s.whatsapp.net",
    "link": "https://i.ibb.co/d53kRNm/7943e96b5695.jpg"
  },
  {
    "sender": "249117268918@s.whatsapp.net",
    "link": "https://i.ibb.co/4RPWMBD/ba53e7b3d2ac.png"
  },
  {
    "sender": "249923061540@s.whatsapp.net",
    "link": "https://i.ibb.co/bmbqwPk/f28041ab567a.jpg"
  },
  {
    "sender": "249121484160@s.whatsapp.net",
    "link": "https://i.ibb.co/2ZN69M7/943c38427a38.jpg"
  },
  {
    "sender": "249113209991@s.whatsapp.net",
    "link": "https://i.ibb.co/nnf5kwX/a6091fb4bdd6.jpg"
  },
  {
    "sender": "201093744215@s.whatsapp.net",
    "link": "https://i.ibb.co/2dZFsFb/d4103bdef2e7.jpg"
  },
  {
    "sender": "201557089055@s.whatsapp.net",
    "link": "https://i.ibb.co/M9pGdyc/2db29b302eb2.jpg"
  },
  {
    "sender": "249116104154@s.whatsapp.net",
    "link": "https://i.ibb.co/ZWDwwcw/bc996781eaed.jpg"
  },
  {
    "sender": "249904077717@s.whatsapp.net",
    "link": "https://i.ibb.co/dJpCKyv/5ae94fbc3e6a.jpg"
  },
  {
    "sender": "96892754694@s.whatsapp.net",
    "link": "https://i.ibb.co/YbnxxJR/a13032a2b486.jpg"
  }
]