{"noiseKey":{"private":{"type":"Buffer","data":"UBTi6U/nrsq0egeIy1qoB8IS+/Aet0lzqeucaX3F0V0="},"public":{"type":"Buffer","data":"rMApMahnpikxHHC0icHp9YSeAYiU2fRlR5BHtM0Iin4="}},"pairingEphemeralKeyPair":{"private":{"type":"Buffer","data":"qIlF4lqvF4Nb91FXv4VpOj4EFW+rhoFT/xDwp/7ARl8="},"public":{"type":"Buffer","data":"VGkqFXTD5W3M+vhnee+Fuc6WQnQZI59Yakl1OmadYUE="}},"signedIdentityKey":{"private":{"type":"Buffer","data":"+OdRgldDBBljXje1wUBaFlJTYDQW6S69U2oeMUfC1lA="},"public":{"type":"Buffer","data":"7fFg+IVelpdQbXPEzLQWkngSFqvlmuoa1gRuJr1rukc="}},"signedPreKey":{"keyPair":{"private":{"type":"Buffer","data":"IJiliPCIDL0G/Fip/FBoHihQ9B1fdiqjIwJq+QdQ1X4="},"public":{"type":"Buffer","data":"xSRfjTj58H2ud8eCpFpFN0pTd3/CXUA73KY9Hx8j1Qc="}},"signature":{"type":"Buffer","data":"RpXP1y5Ylo71MMLXWgYcr0kd5qqLYtn2vIdt7wBZ0v1uQK66nr0OuYOdtIMK1f1JIzPoWM9i3Rap823itDi8iA=="},"keyId":1},"registrationId":3,"advSecretKey":"dhk5C3P3RqCFBNLp0jdI1SrUA/q3OJ3M4dsiUsJ1EFc=","processedHistoryMessages":[{"key":{"remoteJid":"249991672637@s.whatsapp.net","fromMe":true,"id":"2D111BACCE6E0E97B1442AA54CBF3AFB"},"messageTimestamp":1750577611},{"key":{"remoteJid":"249991672637@s.whatsapp.net","fromMe":true,"id":"202BA453602B1943181D5C8DF6239869"},"messageTimestamp":1750577612},{"key":{"remoteJid":"249991672637@s.whatsapp.net","fromMe":true,"id":"67D3B60DE4D00947761225F639DD5EF0"},"messageTimestamp":1750577845},{"key":{"remoteJid":"249991672637@s.whatsapp.net","fromMe":true,"id":"3155F327B52F2CB3CDBE8BF9E2D409BF"},"messageTimestamp":1750577872},{"key":{"remoteJid":"249991672637@s.whatsapp.net","fromMe":true,"id":"9C0A8E3F55A3C554514B031DBF1CA76E"},"messageTimestamp":1750578243},{"key":{"remoteJid":"249991672637@s.whatsapp.net","fromMe":true,"id":"5E9C22BE0F0786C1357801DB06BA7AF1"},"messageTimestamp":1750578349},{"key":{"remoteJid":"249991672637@s.whatsapp.net","fromMe":true,"id":"B38920AE82C068121A7BA086E7FCAC57"},"messageTimestamp":1750591074},{"key":{"remoteJid":"249991672637@s.whatsapp.net","fromMe":true,"id":"78E82A24D4E905DE37295032C17D341A"},"messageTimestamp":1750591084},{"key":{"remoteJid":"249991672637@s.whatsapp.net","fromMe":true,"id":"0901A8287E49056AB8121BC97503BB40"},"messageTimestamp":1750591096},{"key":{"remoteJid":"249991672637@s.whatsapp.net","fromMe":true,"id":"5C6D984756CDFD9A500EF30E77BF9A1E"},"messageTimestamp":1750591141},{"key":{"remoteJid":"249991672637@s.whatsapp.net","fromMe":true,"id":"4C36D93244F0038DF5611BC93AAA3E91"},"messageTimestamp":1750591187},{"key":{"remoteJid":"249991672637@s.whatsapp.net","fromMe":true,"id":"342EF53F95756520ADDA1644B931D5F4"},"messageTimestamp":1750591217},{"key":{"remoteJid":"249991672637@s.whatsapp.net","fromMe":true,"id":"FA2A2DE295E9B461435CFF8C8998D724"},"messageTimestamp":1750591233},{"key":{"remoteJid":"249991672637@s.whatsapp.net","fromMe":true,"id":"E808F2228C4AFAC1B6DEC6DFEE6F4E7F"},"messageTimestamp":1750591513},{"key":{"remoteJid":"249991672637@s.whatsapp.net","fromMe":true,"id":"3B6388CAC1BB222C986C8C8BC88E5ADB"},"messageTimestamp":1750591612},{"key":{"remoteJid":"249991672637@s.whatsapp.net","fromMe":true,"id":"38DD6B1F6D31CD972BDA9AC787F57A99"},"messageTimestamp":1750595161},{"key":{"remoteJid":"249991672637@s.whatsapp.net","fromMe":true,"id":"0294CBD6DEBE1783257B0987D7740718"},"messageTimestamp":1750595181},{"key":{"remoteJid":"249991672637@s.whatsapp.net","fromMe":true,"id":"E1A4A612AA02CDC5D96109B53C204F5C"},"messageTimestamp":1750595203},{"key":{"remoteJid":"249991672637@s.whatsapp.net","fromMe":true,"id":"8A8571C00408966391BD6E212B362EDE"},"messageTimestamp":1750595231},{"key":{"remoteJid":"249991672637@s.whatsapp.net","fromMe":true,"id":"EE86D8BBADF1CF8CD7A9041C0ADC5342"},"messageTimestamp":1750601430},{"key":{"remoteJid":"249991672637@s.whatsapp.net","fromMe":true,"id":"7E65D3F1566A6EDDF390915996ED0604"},"messageTimestamp":1750601453},{"key":{"remoteJid":"249991672637@s.whatsapp.net","fromMe":true,"id":"4A5CB8019BD525E105AB645A2861AE79"},"messageTimestamp":1750601473},{"key":{"remoteJid":"249991672637@s.whatsapp.net","fromMe":true,"id":"9C2C932ECAF2BF609B14A2FB1FE72358"},"messageTimestamp":1750601651},{"key":{"remoteJid":"249991672637@s.whatsapp.net","fromMe":true,"id":"84A4696E10D2A2E14E81920AD823FBBF"},"messageTimestamp":1750601713},{"key":{"remoteJid":"249991672637@s.whatsapp.net","fromMe":true,"id":"3A24471847B0D9BE44E1078DF9D6B17B"},"messageTimestamp":1750601852},{"key":{"remoteJid":"249991672637@s.whatsapp.net","fromMe":true,"id":"3281CA55E9C23B42D37765B163CAA08C"},"messageTimestamp":1750601935},{"key":{"remoteJid":"249991672637@s.whatsapp.net","fromMe":true,"id":"62A06C5D11CD73A0A58DAC9C00CA7D89"},"messageTimestamp":1750602116},{"key":{"remoteJid":"249991672637@s.whatsapp.net","fromMe":true,"id":"75A895940487B63C4B065FB85F882482"},"messageTimestamp":1750602209},{"key":{"remoteJid":"249991672637@s.whatsapp.net","fromMe":true,"id":"5CDC043BC5246556CE7FB7819B55F8BD"},"messageTimestamp":1750602274},{"key":{"remoteJid":"249991672637@s.whatsapp.net","fromMe":true,"id":"BA2BEC691686A099125378010491EDCC"},"messageTimestamp":1750602353},{"key":{"remoteJid":"249991672637@s.whatsapp.net","fromMe":true,"id":"EE21C0EB22C596EB4CB941B4BCF38A53"},"messageTimestamp":1750602355}],"nextPreKeyId":125,"firstUnuploadedPreKeyId":125,"accountSyncCounter":1,"accountSettings":{"unarchiveChats":false},"registered":true,"pairingCode":"8ZQQY6WN","me":{"id":"249991672637:56@s.whatsapp.net","lid":"5008535887890:56@lid","name":"Yuki Da Best"},"account":{"details":"CIK3xt0GEMDj3sIGGAEgACgA","accountSignatureKey":"o8WNV+FDP0FQEV5mSX935vq+5XyLcIE+UQEfMr6Z20U=","accountSignature":"nZjOU8p0YAwe+iImrgH66mlXH74y7kjO8mkhdeBlbnAaerNglgprvRgb3Blp+szZIhntsnlwCBvIaTznxPQEBg==","deviceSignature":"DbqeE9aJ91A9BlIzrfqCXtT1FHZlhDOIhMczhoRlM9YkobF7iPaUi4MaR3P079FF+8CLOy0o2NKhhXmXfagXhg=="},"signalIdentities":[{"identifier":{"name":"249991672637:56@s.whatsapp.net","deviceId":0},"identifierKey":{"type":"Buffer","data":"BaPFjVfhQz9BUBFeZkl/d+b6vuV8i3CBPlEBHzK+mdtF"}}],"platform":"android","routingInfo":{"type":"Buffer","data":"CAgIAg=="},"lastAccountSyncTimestamp":1750577780,"lastPropHash":"2P1Yhf","myAppStateKeyId":"AAAAAOIk"}