{"249122146566@s.whatsapp.net":true,"249118001433@s.whatsapp.net":true,"249112515493@s.whatsapp.net":true,"249968757217@s.whatsapp.net":true,"249121484160@s.whatsapp.net":true,"249115884959@s.whatsapp.net":true,"249121155009@s.whatsapp.net":true,"249118163804@s.whatsapp.net":true,"249118163804:25@s.whatsapp.net":true,"249903396184@s.whatsapp.net":true,"249928307190@s.whatsapp.net":true,"249928307190:52@s.whatsapp.net":true,"201093421695@s.whatsapp.net":true,"249927527145@s.whatsapp.net":true,"249126992701@s.whatsapp.net":true,"249126992701:27@s.whatsapp.net":true,"249126992701:28@s.whatsapp.net":true,"249997688097@s.whatsapp.net":true,"249997688097:12@s.whatsapp.net":true,"249999950034@s.whatsapp.net":true,"249999950034:53@s.whatsapp.net":true,"249999950034:54@s.whatsapp.net":true,"249118810599@s.whatsapp.net":true,"249916722994@s.whatsapp.net":true,"201118902749@s.whatsapp.net":true,"249116516777@s.whatsapp.net":true,"249905360907@s.whatsapp.net":true,"249905360907:33@s.whatsapp.net":true,"249991672637@s.whatsapp.net":true,"249116387683@s.whatsapp.net":true,"201143969358@s.whatsapp.net":true,"249995436584@s.whatsapp.net":true,"249995436584:6@s.whatsapp.net":true,"249928528425@s.whatsapp.net":true,"249112199812@s.whatsapp.net":true,"249117050461@s.whatsapp.net":true,"249117050461:38@s.whatsapp.net":true,"249915048324@s.whatsapp.net":true,"249908181705@s.whatsapp.net":true,"249908181705:9@s.whatsapp.net":true,"249906709812@s.whatsapp.net":true,"249906709812:5@s.whatsapp.net":true,"249996271988@s.whatsapp.net":true,"249996271988:24@s.whatsapp.net":true,"249115742036@s.whatsapp.net":true,"249117317777@s.whatsapp.net":true,"966548753669@s.whatsapp.net":true,"966548753669:26@s.whatsapp.net":true,"966548753669:27@s.whatsapp.net":true,"249117762466@s.whatsapp.net":true,"249117762466:49@s.whatsapp.net":true,"249117762466:50@s.whatsapp.net":true,"249992134574@s.whatsapp.net":true,"905538658113@s.whatsapp.net":true,"905538658113:10@s.whatsapp.net":true,"249904585951@s.whatsapp.net":true,"249901227961@s.whatsapp.net":true,"249128486031@s.whatsapp.net":true,"249117046364@s.whatsapp.net":true,"201206043335@s.whatsapp.net":true,"201206043335:3@s.whatsapp.net":true,"249928148095@s.whatsapp.net":true,"249963412395@s.whatsapp.net":true}