{"249112199812@s.whatsapp.net":true,"249991672637@s.whatsapp.net":true,"905538658113@s.whatsapp.net":true,"905538658113:10@s.whatsapp.net":true,"96898097037@s.whatsapp.net":true,"96898097037:16@s.whatsapp.net":true,"96893243213@s.whatsapp.net":true,"966580860410@s.whatsapp.net":true,"966577261056@s.whatsapp.net":true,"966553687331@s.whatsapp.net":true,"966546193352@s.whatsapp.net":true,"249999729603@s.whatsapp.net":true,"249998569138@s.whatsapp.net":true,"249994467207@s.whatsapp.net":true,"249965215670@s.whatsapp.net":true,"249908366602@s.whatsapp.net":true,"249905605017@s.whatsapp.net":true,"249129064479@s.whatsapp.net":true,"249126741974@s.whatsapp.net":true,"249124527208@s.whatsapp.net":true,"249122771469@s.whatsapp.net":true,"249120422650@s.whatsapp.net":true,"249119847440@s.whatsapp.net":true,"249119301943@s.whatsapp.net":true,"249119202982@s.whatsapp.net":true,"249118771502@s.whatsapp.net":true,"249115897407@s.whatsapp.net":true,"249113202062@s.whatsapp.net":true,"249110804485@s.whatsapp.net":true,"201553573244@s.whatsapp.net":true,"201207773782@s.whatsapp.net":true,"201152187672@s.whatsapp.net":true,"201104967109@s.whatsapp.net":true,"201097732659@s.whatsapp.net":true}