[{"senderKeyId":867842503,"senderChainKey":{"iteration":70,"seed":"NsoHhe5S8p2ccWptx5+ruuUwZdW5IoZs5Q1mTf3dXpA="},"senderSigningKey":{"public":"BXVJ93YD7alb3fOCzHtnh/tQH5wZKGN3WSk7gizZCXl+"},"senderMessageKeys":[{},{}]},{"senderKeyId":611968152,"senderChainKey":{"iteration":56,"seed":"V6kfiimgd/gHgl16Bq4OhNMquCS3ZotwXOBW1fYR3sg="},"senderSigningKey":{"public":"BSYWrr29I/uAA9AwJEwglg5NZ8qvlZpWFyTG0GF+92Fj"},"senderMessageKeys":[{}]},{"senderKeyId":611968152,"senderChainKey":{"iteration":7,"seed":"IAQgI8iU5i1vbDNUn6A+PSxl7xVQz7eV2qQubXWoHTw="},"senderSigningKey":{"public":"BSYWrr29I/uAA9AwJEwglg5NZ8qvlZpWFyTG0GF+92Fj"},"senderMessageKeys":[]},{"senderKeyId":611968152,"senderChainKey":{"iteration":7,"seed":"IAQgI8iU5i1vbDNUn6A+PSxl7xVQz7eV2qQubXWoHTw="},"senderSigningKey":{"public":"BSYWrr29I/uAA9AwJEwglg5NZ8qvlZpWFyTG0GF+92Fj"},"senderMessageKeys":[]}]