{"905391123201@s.whatsapp.net":true,"905391123201:33@s.whatsapp.net":true,"905346838024@s.whatsapp.net":true,"601139934231@s.whatsapp.net":true,"601128893631@s.whatsapp.net":true,"601128893631:2@s.whatsapp.net":true,"601128893613@s.whatsapp.net":true,"601128893613:5@s.whatsapp.net":true,"249993220365@s.whatsapp.net":true,"249991672637@s.whatsapp.net":true,"249969292324@s.whatsapp.net":true,"249968434539@s.whatsapp.net":true,"249968434539:2@s.whatsapp.net":true,"249968004415@s.whatsapp.net":true,"249960880226@s.whatsapp.net":true,"249960550476@s.whatsapp.net":true,"249927810087@s.whatsapp.net":true,"249924306495@s.whatsapp.net":true,"249924306495:19@s.whatsapp.net":true,"249912956679@s.whatsapp.net":true,"249908519484@s.whatsapp.net":true,"249907593079@s.whatsapp.net":true,"249904806242@s.whatsapp.net":true,"249904081970@s.whatsapp.net":true,"249129078524@s.whatsapp.net":true,"249129078524:13@s.whatsapp.net":true,"249123734485@s.whatsapp.net":true,"249122728179@s.whatsapp.net":true,"249121061412@s.whatsapp.net":true,"249115884959@s.whatsapp.net":true,"249115742036@s.whatsapp.net":true,"249114615032@s.whatsapp.net":true,"249113420655@s.whatsapp.net":true,"201500674472@s.whatsapp.net":true,"201500674472:1@s.whatsapp.net":true,"201142103559@s.whatsapp.net":true,"201142103559:2@s.whatsapp.net":true,"201040877621@s.whatsapp.net":true}