{"_sessions":{"BYdm7pQISqNg0myBwVAztXAvLbBVCt4t7tB3rzhPYIFq":{"registrationId":1309422799,"currentRatchet":{"ephemeralKeyPair":{"pubKey":"BdN/M+G3vlu9g5wDeSlZUOMKUTWeuva3cROhJNFfth5w","privKey":"wKEIDNtbh37VCO+eBkJTQEsvwghFDI3AScq/PToVJE8="},"lastRemoteEphemeralKey":"BWQv30En3agTo8AlJ7EMtiumIKU05MxINfLnyt+6sqcr","previousCounter":0,"rootKey":"tsbpje800iK1s/7/TTTKnX+vxbAgUueyFgbqrFpAvao="},"indexInfo":{"baseKey":"BYdm7pQISqNg0myBwVAztXAvLbBVCt4t7tB3rzhPYIFq","baseKeyType":2,"closed":-1,"used":1750613864569,"created":1750613864569,"remoteIdentityKey":"Ba3CCMtk30KaDXSlwKjVZeSlK5765UzvCrM5F6YoAU0q"},"_chains":{"BWQv30En3agTo8AlJ7EMtiumIKU05MxINfLnyt+6sqcr":{"chainKey":{"counter":0,"key":"mgYSsFOuczWXKIq9K/rL6nFvtNfUg+efscHA6sMzuE0="},"chainType":2,"messageKeys":{}},"BdN/M+G3vlu9g5wDeSlZUOMKUTWeuva3cROhJNFfth5w":{"chainKey":{"counter":-1,"key":"Zu1nytREN5nobk++rC4tQIy6UvdnE30aZ5Jg1wDrBK0="},"chainType":1,"messageKeys":{}}}}},"version":"v1"}