{"_sessions":{"BUpx3+9ly/XeYTTIoV13X0mKyDCalrWpZzXww54qv/Jr":{"registrationId":1542884502,"currentRatchet":{"ephemeralKeyPair":{"pubKey":"BewPJPZKjwJ3MamoqDAPEw+g+niDHT3AKvHPqKkjtwx7","privKey":"WFKjyymOHn0cvpBa9aSA65VpA2P/3mw3wyYEbze/1mU="},"lastRemoteEphemeralKey":"BedQoWNUab5LwWNu+SN1mDGq4HZt3i4Bleq0RV6Zq6VS","previousCounter":0,"rootKey":"KN3fOfORF0d2eKz28PRbZcHOK27bU4tCt2XV4kviHFQ="},"indexInfo":{"baseKey":"BUpx3+9ly/XeYTTIoV13X0mKyDCalrWpZzXww54qv/Jr","baseKeyType":1,"closed":-1,"used":1750608416781,"created":1750608416781,"remoteIdentityKey":"BfN17RXHwSYqe/sUaV3DD8m1DqeoP60q8eiRI3rPjMkc"},"_chains":{"BewPJPZKjwJ3MamoqDAPEw+g+niDHT3AKvHPqKkjtwx7":{"chainKey":{"counter":0,"key":"PO8gz0dk93too6irPpshtLZi08wghYTHuWOxNbfgOwQ="},"chainType":1,"messageKeys":{}}},"pendingPreKey":{"signedKeyId":5,"baseKey":"BUpx3+9ly/XeYTTIoV13X0mKyDCalrWpZzXww54qv/Jr","preKeyId":10325168}}},"version":"v1"}