{"_sessions":{"BYKsvATqKKM5STVjB2Xi9uC7UDUc8sC04C1H8LiN6+0A":{"registrationId":12988,"currentRatchet":{"ephemeralKeyPair":{"pubKey":"Bb8EOqzdsi39UPDw3bB9fX66YSY7ZqHU2AWqXT/6toxW","privKey":"QO11BVHYOmft3whNZBBs68dT5lSVcrOQ4uccgIwASGQ="},"lastRemoteEphemeralKey":"BY0azR3F1DALmbkjPQu3V6l8YvxmNhlj1BelCIfd3FYd","previousCounter":0,"rootKey":"tpQXrZHsBwwx/HoM5bOWEOOzw1ePpAhZXpJiy90TydI="},"indexInfo":{"baseKey":"BYKsvATqKKM5STVjB2Xi9uC7UDUc8sC04C1H8LiN6+0A","baseKeyType":1,"closed":-1,"used":1750608416266,"created":1750608416266,"remoteIdentityKey":"BUGK2XE1nhNq83D6g6anZN5thFrQzgZjZuOobmlGpmFf"},"_chains":{"Bb8EOqzdsi39UPDw3bB9fX66YSY7ZqHU2AWqXT/6toxW":{"chainKey":{"counter":0,"key":"qH6wnU3adx52Tp+Nc/Ry7m73+5IUN82B0Ri9oQRTLRo="},"chainType":1,"messageKeys":{}}},"pendingPreKey":{"signedKeyId":2,"baseKey":"BYKsvATqKKM5STVjB2Xi9uC7UDUc8sC04C1H8LiN6+0A","preKeyId":1928}}},"version":"v1"}