{"_sessions":{"BWPbm3kTPKVpOYee4tbp82kxFgHUijk3JuqyJCnfF7Fw":{"registrationId":909833631,"currentRatchet":{"ephemeralKeyPair":{"pubKey":"BWhruGbzpA2kBgwNYPKUlyoyidWBpEM7gbzkuWpKGc5l","privKey":"gNqmPfvJxzVlBj/NVEDiOZMi2NgaPgWBRJlT547OFnE="},"lastRemoteEphemeralKey":"BUavkQKjSJJeheq5oZn++ujdhSC/bElb/b2N40rs/KkS","previousCounter":0,"rootKey":"XhDoRlNGRancG1pVNw2ON+cEbI2w2aAlESCLHzvVdOo="},"indexInfo":{"baseKey":"BWPbm3kTPKVpOYee4tbp82kxFgHUijk3JuqyJCnfF7Fw","baseKeyType":1,"closed":-1,"used":1750610992771,"created":1750610992771,"remoteIdentityKey":"BcKvBntm6zpeoq/xeXfFjsYnxC/Ce8tVVOBE/WklBn8l"},"_chains":{"BWhruGbzpA2kBgwNYPKUlyoyidWBpEM7gbzkuWpKGc5l":{"chainKey":{"counter":0,"key":"jqHrLx6bVyBJf4IEq23qPrG6DwsSfXsrVnctV/BUPG8="},"chainType":1,"messageKeys":{}}},"pendingPreKey":{"signedKeyId":74,"baseKey":"BWPbm3kTPKVpOYee4tbp82kxFgHUijk3JuqyJCnfF7Fw","preKeyId":7416151}}},"version":"v1"}