{"_sessions":{"BfoMDPUyrAIswDUGObKy0Lh3mKwLm5aexFf4nF2U4fs4":{"registrationId":6258,"currentRatchet":{"ephemeralKeyPair":{"pubKey":"BdXj040VCUiwMX0UdYFOp1jlq8DP/Cvi4uszNuXNpDl+","privKey":"OEIH5o0Krnvk4NhYtDrIjVKYXuZ0rKg4jUw/w9dFL2g="},"lastRemoteEphemeralKey":"BQqpjAedHVunG+tFORw7pH+20jEsvL1bXx9PQteAPf5L","previousCounter":0,"rootKey":"o0ww96r3I9IrE5OXuqZRO9gMD8xQURQ3SQS872OVyqc="},"indexInfo":{"baseKey":"BfoMDPUyrAIswDUGObKy0Lh3mKwLm5aexFf4nF2U4fs4","baseKeyType":1,"closed":-1,"used":1750608415978,"created":1750608415978,"remoteIdentityKey":"BRjXMsxQVs3RidZ77vQ2eovHat+AQc7q+6y2D6TNGNZn"},"_chains":{"BdXj040VCUiwMX0UdYFOp1jlq8DP/Cvi4uszNuXNpDl+":{"chainKey":{"counter":0,"key":"A6ZBVX11GrCVHvTxShTddFAbhkoBS3N38Yq9lRuL3b8="},"chainType":1,"messageKeys":{}}},"pendingPreKey":{"signedKeyId":1,"baseKey":"BfoMDPUyrAIswDUGObKy0Lh3mKwLm5aexFf4nF2U4fs4","preKeyId":1452}}},"version":"v1"}