{"_sessions":{"BWHPR/ELuR5+vg22dCtWnTznISWm0Km4/ImV75jq2B1U":{"registrationId":721317984,"currentRatchet":{"ephemeralKeyPair":{"pubKey":"Bc8l6cRJ+6bvIWYTiTxmJxew8tcQn2N6vFWhUUuppPxC","privKey":"6Dg2xeUiGi5/NF14r5isztrxh1vHBtspCRAw8KmDxEA="},"lastRemoteEphemeralKey":"Bcj9HQa/8QlEVwJuA7fVNI8gVTncPAt+9y1H4+zra7ta","previousCounter":0,"rootKey":"OaNHrUJGm0fCD+AnAKE2ROEDHHZxnBYKFVF9AkZSCWg="},"indexInfo":{"baseKey":"BWHPR/ELuR5+vg22dCtWnTznISWm0Km4/ImV75jq2B1U","baseKeyType":1,"closed":-1,"used":1750608416171,"created":1750608416171,"remoteIdentityKey":"BTYAu+QUUKeD5FnaM7Maon+1EMUMwn9npZYTf8JG8ABk"},"_chains":{"Bc8l6cRJ+6bvIWYTiTxmJxew8tcQn2N6vFWhUUuppPxC":{"chainKey":{"counter":0,"key":"9gE17LfQ7NHIKWAQzEAK360Y8qjSrva2SWkQXldkgqw="},"chainType":1,"messageKeys":{}}},"pendingPreKey":{"signedKeyId":1,"baseKey":"BWHPR/ELuR5+vg22dCtWnTznISWm0Km4/ImV75jq2B1U","preKeyId":939732}}},"version":"v1"}