{"_sessions":{"Bb3EwIoHDE9ft2BjiBbH+3zNZX47ZQ/GPU2dOSHY0pk3":{"registrationId":748514303,"currentRatchet":{"ephemeralKeyPair":{"pubKey":"Bf83rmj7igaVNQRl4HXMRtLn/fvublTM3/ZtsA/Txets","privKey":"sNoOKma3h8cj/FOzW06ETijEXfDdjxZ/KuewoXIIgns="},"lastRemoteEphemeralKey":"Bez4dCGPz6OdsM2E4ZTTmGqcpJWYd5DVYQ2BrNX4ztcu","previousCounter":0,"rootKey":"Z+JGP0Dau9I4HvL05b4N9p7KABW+QGUbZuTT0dQMOus="},"indexInfo":{"baseKey":"Bb3EwIoHDE9ft2BjiBbH+3zNZX47ZQ/GPU2dOSHY0pk3","baseKeyType":2,"closed":-1,"used":1750616343092,"created":1750616343092,"remoteIdentityKey":"BfcJ3b6U/TdAn8lkUrycC4xxPZWAdD4u2bJl6u7mzm44"},"_chains":{"Bez4dCGPz6OdsM2E4ZTTmGqcpJWYd5DVYQ2BrNX4ztcu":{"chainKey":{"counter":0,"key":"uQ1AV9+ezQPPVWibTxW3sWMtF2xDH2pxDCpNKnGjCaw="},"chainType":2,"messageKeys":{}},"Bf83rmj7igaVNQRl4HXMRtLn/fvublTM3/ZtsA/Txets":{"chainKey":{"counter":-1,"key":"bvtEGf8HE38Lyccy65rqXMlP6z+H8tAX6LQhxscJUeU="},"chainType":1,"messageKeys":{}}}}},"version":"v1"}