{"_sessions":{"BT16lvhMKI5Pb03St4EZVyEX/Il8TyqB6bkdQsEoHBVz":{"registrationId":1890340394,"currentRatchet":{"ephemeralKeyPair":{"pubKey":"BUu3N/rGRfhI9OaxCEpoFyZ+bt1L9xcFF3r1fXZCmFlH","privKey":"UKEb90xm1aZXAvERQz0SdbL7p2fxaFqLy0cXfJrK/Ew="},"lastRemoteEphemeralKey":"BbFQv7xTujQVNYoCZII1cpLnZg+jxhPL+jKwOwxcFOYT","previousCounter":0,"rootKey":"u344FGhrg2NJ06wR8QUCmt66l8hhNRVfjtFcSuZwlII="},"indexInfo":{"baseKey":"BT16lvhMKI5Pb03St4EZVyEX/Il8TyqB6bkdQsEoHBVz","baseKeyType":2,"closed":-1,"used":1750578966862,"created":1750578966862,"remoteIdentityKey":"BUxZ9lcOFAt6N4iD55FKlmzNIg6wmAy0hMIe9N7uE71X"},"_chains":{"BbFQv7xTujQVNYoCZII1cpLnZg+jxhPL+jKwOwxcFOYT":{"chainKey":{"counter":0,"key":"O11tCgXaMaH/wYi+wdPBK/ODLInd/sJYkySHq2K7Tqg="},"chainType":2,"messageKeys":{}},"BUu3N/rGRfhI9OaxCEpoFyZ+bt1L9xcFF3r1fXZCmFlH":{"chainKey":{"counter":0,"key":"GzOCQRXrjNepbpFMrGAusIXhOdkxhsCeMXE8oW+zu/4="},"chainType":1,"messageKeys":{}}}}},"version":"v1"}