{"_sessions":{"BVP7pTEA5DlZaFRmsXmeyVWShkidyLSpDrSifubQ6Yt5":{"registrationId":399407769,"currentRatchet":{"ephemeralKeyPair":{"pubKey":"Ba7WF9yIqSe3S4t0VMYVzijKxEVsCIPKSMu5lWT61tBR","privKey":"wPQZSvZ1q93jk6la/uxmOg9JSq+ec7aOpdOr2uXPHFc="},"lastRemoteEphemeralKey":"BbztK2jkByfCHjYCmt7uphy0xK0NsfL7BTsvhbub66pV","previousCounter":0,"rootKey":"jZwmPKzsVX5MxRHMkYqr3D4j60ZPxcjC5alFgFJtOgU="},"indexInfo":{"baseKey":"BVP7pTEA5DlZaFRmsXmeyVWShkidyLSpDrSifubQ6Yt5","baseKeyType":1,"closed":-1,"used":1750610992574,"created":1750610992574,"remoteIdentityKey":"BVLlLhMg5VQxJc08dRDQf//tKQwSGY4JdA00wL+QVEUZ"},"_chains":{"Ba7WF9yIqSe3S4t0VMYVzijKxEVsCIPKSMu5lWT61tBR":{"chainKey":{"counter":0,"key":"J/QZYs2dDDkQDVjTFppzydWvOUFgAjPb/Wza+NqYCAo="},"chainType":1,"messageKeys":{}}},"pendingPreKey":{"signedKeyId":11,"baseKey":"BVP7pTEA5DlZaFRmsXmeyVWShkidyLSpDrSifubQ6Yt5","preKeyId":2952909}}},"version":"v1"}