{"_sessions":{"BQSFvhX3aR/ZTXXNfch9HxkvPZmG0qjD06q5TorQjPVG":{"registrationId":580772043,"currentRatchet":{"ephemeralKeyPair":{"pubKey":"BXOGXiNXLrmUFekhCGZKb90fFgcUPa256mSBTCH+QMhR","privKey":"0JXWFxYryOUrRf0NH6hUMSvhlV18uKTZq3UREbSkBHI="},"lastRemoteEphemeralKey":"BTVF0OvsonTwNaYVA/qJorvzT2IBaDbbylOrnYCjuwhz","previousCounter":0,"rootKey":"6m1MtOwSY8RwfLasYXRIVGBrCw/gtoFG++ro/OGy0kk="},"indexInfo":{"baseKey":"BQSFvhX3aR/ZTXXNfch9HxkvPZmG0qjD06q5TorQjPVG","baseKeyType":2,"closed":-1,"used":1750581284328,"created":1750581284328,"remoteIdentityKey":"BWq5FwI1xZjXqreBoJs48fJUiIZPfgkE8LF3cBlmbAZf"},"_chains":{"BTVF0OvsonTwNaYVA/qJorvzT2IBaDbbylOrnYCjuwhz":{"chainKey":{"counter":0,"key":"tkUPu/aAgw+yPN310lh2Zm/spKT2G6orMPrSynd56ro="},"chainType":2,"messageKeys":{}},"BXOGXiNXLrmUFekhCGZKb90fFgcUPa256mSBTCH+QMhR":{"chainKey":{"counter":-1,"key":"EsXnENYfRfffeSn8f0PgKrcIIlaoNkvPDE+w4qWOvus="},"chainType":1,"messageKeys":{}}}}},"version":"v1"}