{"_sessions":{"BRD9Ddk5psReMcx2kmXszk4KTMoQXTe9lqPEG+bqeX1Z":{"registrationId":377609348,"currentRatchet":{"ephemeralKeyPair":{"pubKey":"BR6xeGDcFA9GRQYUnd7fBvGgZC4X9wKohGs3LECy3/EP","privKey":"0DY7WOJayV8LIlBvpeLb+SACZvf7n9L0EfIxJ2mPSWM="},"lastRemoteEphemeralKey":"BeS0YCs5WcnmeBk/EVHOyzcf7JGSv+nMBxCK4fr9i4wk","previousCounter":0,"rootKey":"IPMJt21AFJp5hDjWMQrC1d4IfjHip+iFzljqN/PSOts="},"indexInfo":{"baseKey":"BRD9Ddk5psReMcx2kmXszk4KTMoQXTe9lqPEG+bqeX1Z","baseKeyType":2,"closed":-1,"used":1750582070403,"created":1750582070403,"remoteIdentityKey":"BXLsn0zEPiqejeILmsAGNjJJSn+KresKhVZm3bzK6hBM"},"_chains":{"BeS0YCs5WcnmeBk/EVHOyzcf7JGSv+nMBxCK4fr9i4wk":{"chainKey":{"counter":0,"key":"0phKzVM6BThBdjhazK3uOpTTJu9vYGkxk9HAllTsZcg="},"chainType":2,"messageKeys":{}},"BR6xeGDcFA9GRQYUnd7fBvGgZC4X9wKohGs3LECy3/EP":{"chainKey":{"counter":0,"key":"6Cw26gtazbGUo+pK+VGzvQuN4IWdjQVgtu5hsJli20I="},"chainType":1,"messageKeys":{}}}}},"version":"v1"}