{"_sessions":{"BTDifYkAGJyXYnOvjmT8XgYP34niblX3jRr0riE/NIke":{"registrationId":598113183,"currentRatchet":{"ephemeralKeyPair":{"pubKey":"Be5L0Nh3b2uQ5E118hulVg5qN+S9dyzjq91iSQH9GGdn","privKey":"MN5Jhgh2zt7sGjewWAoIyipTZhA7lhjxLJykCN+aOFY="},"lastRemoteEphemeralKey":"BRk37cVjNYBXeFL06DLKmZbv+QwAFQaSwTt+8c2GGPAl","previousCounter":0,"rootKey":"eENgnB31pvdXhIACqSiNQm5OSRRfUtbcIkxQpRYxUBU="},"indexInfo":{"baseKey":"BTDifYkAGJyXYnOvjmT8XgYP34niblX3jRr0riE/NIke","baseKeyType":1,"closed":-1,"used":1750611136369,"created":1750611136369,"remoteIdentityKey":"BTRmwjpDHlgNNHJAHN7SXnxFGCyi+Z9gPCWZWmog3cM+"},"_chains":{"Be5L0Nh3b2uQ5E118hulVg5qN+S9dyzjq91iSQH9GGdn":{"chainKey":{"counter":0,"key":"koRoEnp2KEHTbztSOxYWzlklJzeZvjqKy6AgceN0KwM="},"chainType":1,"messageKeys":{}}},"pendingPreKey":{"signedKeyId":9,"baseKey":"BTDifYkAGJyXYnOvjmT8XgYP34niblX3jRr0riE/NIke"}}},"version":"v1"}