{"_sessions":{"BfQNvq5J3e1hhTcGmJ48XFQFc4XCwGsLp0fZagK6T7wY":{"registrationId":4286214,"currentRatchet":{"ephemeralKeyPair":{"pubKey":"BcgSNzwLIdyd5G+YatP6uzmoX9OWyMJfH7WQLe7TtD8s","privKey":"gCi2mDyLysE0YnCLaOmDIqGQMIQlaYCHwoXlcwvUhUc="},"lastRemoteEphemeralKey":"BYwb8ebAStCZHA7K7Kr5HfPq+onkvYNAQ95eGbjxxJcO","previousCounter":0,"rootKey":"xo1+ZbOZ80BBRIZ5qyAmZQozkcuv7Is4h+IR2CSJEWY="},"indexInfo":{"baseKey":"BfQNvq5J3e1hhTcGmJ48XFQFc4XCwGsLp0fZagK6T7wY","baseKeyType":2,"closed":-1,"used":1750585619535,"created":1750585619535,"remoteIdentityKey":"BTHuvm0dVxhnXUxBeCjnNcXOYu785UB16Knvy3A4aegJ"},"_chains":{"BYwb8ebAStCZHA7K7Kr5HfPq+onkvYNAQ95eGbjxxJcO":{"chainKey":{"counter":0,"key":"L9jn8ywUOjWdjV31ok9dh0m7IlBAhzU7Xvl2KZUnCfM="},"chainType":2,"messageKeys":{}},"BcgSNzwLIdyd5G+YatP6uzmoX9OWyMJfH7WQLe7TtD8s":{"chainKey":{"counter":0,"key":"V5MHPYukjaelK1VCuH3nh+wyA6An2Y+Z4f5ySzxCALE="},"chainType":1,"messageKeys":{}}}}},"version":"v1"}