{"_sessions":{"BbnCLwNHBzlXIbY8LCdbXqDgl6aCQziTlTbWy5NAFPpi":{"registrationId":692277134,"currentRatchet":{"ephemeralKeyPair":{"pubKey":"BeU/LzulACMR9ldfNl0IK005Be8EHfdNjGBu5zoWTI4e","privKey":"iIf6jywYegXlXV40nHKFIB/mYw8w/uJNfUuDq5uCVkI="},"lastRemoteEphemeralKey":"BQu3Md8TxCQhWjv6qb9hrzKccdU9TSTPnsouGsOv/bxG","previousCounter":0,"rootKey":"sFlW52U2YLfp+WxY1n1vfAaARUYa8hjmHB+3oNrgydo="},"indexInfo":{"baseKey":"BbnCLwNHBzlXIbY8LCdbXqDgl6aCQziTlTbWy5NAFPpi","baseKeyType":2,"closed":-1,"used":1750611327013,"created":1750611327013,"remoteIdentityKey":"BadY1MB7SNvq59QgkLsEriwa7uCUlsotSPzA650c7osl"},"_chains":{"BQu3Md8TxCQhWjv6qb9hrzKccdU9TSTPnsouGsOv/bxG":{"chainKey":{"counter":0,"key":"v/xWPym/aJi6R81iXv7+FrYZmFRzb4z2GVCn2+ABDcc="},"chainType":2,"messageKeys":{}},"BeU/LzulACMR9ldfNl0IK005Be8EHfdNjGBu5zoWTI4e":{"chainKey":{"counter":-1,"key":"sPplyAuhNUgqqyAzlOr2/mYi5KGJ1FOs9xB/sCHWlY4="},"chainType":1,"messageKeys":{}}}}},"version":"v1"}