{"_sessions":{"BbFR7zfFD05Vpa2qHvhVL/cq5dxmLtDPTkMnuAI3LINY":{"registrationId":296046366,"currentRatchet":{"ephemeralKeyPair":{"pubKey":"BaZ0GpAGh4eGU87SpSmRVup+IB/SiPiyr2OekVvEvA1m","privKey":"aOw0SENqnHArfCN5yXrQdsq8C5HiUucAQByxFra2PU8="},"lastRemoteEphemeralKey":"Bbj8ZS6VHOoMf8Tl82nNEwts3atHVt9/lTBw7QotsENa","previousCounter":0,"rootKey":"N3585MVlS+jU+UF6mKJ+g8CDH2bTpxWBfyHYUsmaUWg="},"indexInfo":{"baseKey":"BbFR7zfFD05Vpa2qHvhVL/cq5dxmLtDPTkMnuAI3LINY","baseKeyType":1,"closed":-1,"used":1750611135959,"created":1750611135959,"remoteIdentityKey":"BdVAcf3Xv0/q2g7J/gZZC8E6r8BHLX8uZpYOJ731wxIB"},"_chains":{"BaZ0GpAGh4eGU87SpSmRVup+IB/SiPiyr2OekVvEvA1m":{"chainKey":{"counter":0,"key":"NHN7GtQvvbrHpfnsoZ0eXKBulpz21xKyifbiWCjjhGQ="},"chainType":1,"messageKeys":{}}},"pendingPreKey":{"signedKeyId":2,"baseKey":"BbFR7zfFD05Vpa2qHvhVL/cq5dxmLtDPTkMnuAI3LINY","preKeyId":3040861}}},"version":"v1"}