{"_sessions":{"BTGTpTQwFBSW1GZJDCwzA8IHD6e6CKi4Fv9ABOAYhug8":{"registrationId":1370739002,"currentRatchet":{"ephemeralKeyPair":{"pubKey":"BbPVYBFBQe8swDTiI96QaL4FTHO9YpFnTHLZU0oCzkE5","privKey":"qMIDh7i39p9ex8Rzm5Pk59xwBj7rCAPulWL1N9Te5Go="},"lastRemoteEphemeralKey":"Bf2Oebrf2VHxuKw+nQjVfpOv/OB8MBDHQLzE4oLrWcow","previousCounter":0,"rootKey":"PTkVhD/XTduc3yh4K5p8bNHxLV1/v3JWbAUeLFh8gF8="},"indexInfo":{"baseKey":"BTGTpTQwFBSW1GZJDCwzA8IHD6e6CKi4Fv9ABOAYhug8","baseKeyType":1,"closed":-1,"used":1750611774972,"created":1750608416470,"remoteIdentityKey":"BZnspliiK3OiTVNaazCqhQ68GbSsDeiYcGbcw2jUqb8T"},"_chains":{"Bf2Oebrf2VHxuKw+nQjVfpOv/OB8MBDHQLzE4oLrWcow":{"chainKey":{"counter":0,"key":"mKnbzPxi45Plsw0cA2GbOo14AIYzO+TszEf2TZPmeRI="},"chainType":2,"messageKeys":{}},"BbPVYBFBQe8swDTiI96QaL4FTHO9YpFnTHLZU0oCzkE5":{"chainKey":{"counter":-1,"key":"8zAY4S9B2bE589XI1PmvDzcwUC50ohPKREOfwgs5zh8="},"chainType":1,"messageKeys":{}}}}},"version":"v1"}