{"_sessions":{"BcXnt5TjkT1Uql3eRBg2E6aw+uHBUdsVZl7ang4jNM0k":{"registrationId":1123615175,"currentRatchet":{"ephemeralKeyPair":{"pubKey":"BfDznZXuiiQk9MkaRYnkb475lewqhy1HY4ZJx+WwPEQV","privKey":"QG0Z0jsbHcDWPPTYz2Lz1+7G/cC6GVGz6DBlUjfxPUg="},"lastRemoteEphemeralKey":"BZuq4aOZtZVe9ihIyCCo4Y0aDR1KNBRL3s70yc5xZylp","previousCounter":0,"rootKey":"0I3N9MtaAm0qepepbUZJopIVaspvLhrIz9fzj4YlaYs="},"indexInfo":{"baseKey":"BcXnt5TjkT1Uql3eRBg2E6aw+uHBUdsVZl7ang4jNM0k","baseKeyType":1,"closed":1750622135511,"used":1750620979731,"created":1750611136477,"remoteIdentityKey":"BVal1XrWqOnZGBflW7OhSQGpdJ5BI1Pw/YOSvnt+Bb5p"},"_chains":{"BZuq4aOZtZVe9ihIyCCo4Y0aDR1KNBRL3s70yc5xZylp":{"chainKey":{"counter":0,"key":"Z4mZuP59r94aX7mQDMwwScHIPe6QFdyNR8zf3Sf/hzM="},"chainType":2,"messageKeys":{}},"BfDznZXuiiQk9MkaRYnkb475lewqhy1HY4ZJx+WwPEQV":{"chainKey":{"counter":-1,"key":"2/qShh9FUsfPc+I+LEltMRKlbgos4FhlSZa+aFxF6bA="},"chainType":1,"messageKeys":{}}}},"Bd0y2nwFws+IMaLraUpe/LMeATpmIYi4AhoD/ic+XRpz":{"registrationId":1123615175,"currentRatchet":{"ephemeralKeyPair":{"pubKey":"BfbIall30H/bY1U4/tJBysh8P7WOluN/hgm5tj74x75J","privKey":"oGzXatMFG7FJZPMOZF9g8htl4UTvK57Qc7TTfb3HBHQ="},"lastRemoteEphemeralKey":"Bf890qcTk6rGXhnO5OaB6WOIbmQpGBdV0ob76Dyk/tVa","previousCounter":0,"rootKey":"raW8HlYWAOsIsa4zcq0XIgNhJ1uhbgSXrg/JR896iVo="},"indexInfo":{"baseKey":"Bd0y2nwFws+IMaLraUpe/LMeATpmIYi4AhoD/ic+XRpz","baseKeyType":2,"closed":-1,"used":1750622135514,"created":1750622135514,"remoteIdentityKey":"BVal1XrWqOnZGBflW7OhSQGpdJ5BI1Pw/YOSvnt+Bb5p"},"_chains":{"Bf890qcTk6rGXhnO5OaB6WOIbmQpGBdV0ob76Dyk/tVa":{"chainKey":{"counter":1,"key":"Ci3xrR/DKDoLUNs83Rm7S64OmWN8BRpJnWCvZPUQRSY="},"chainType":2,"messageKeys":{"0":"mw6fvPliidQe0A4hpcd901uhQFHfO0QU2fsvC3tqRdU="}},"BfbIall30H/bY1U4/tJBysh8P7WOluN/hgm5tj74x75J":{"chainKey":{"counter":-1,"key":"V2pdEgXqh8kV42wYi2EcsftqJWLFL0d9PW8zJX/UCIk="},"chainType":1,"messageKeys":{}}}}},"version":"v1"}