{"_sessions":{"BZHXl0PnIul5dpG3MYLj4IOkwX8zUKcSLu1VNhbjuGN3":{"registrationId":1226157703,"currentRatchet":{"ephemeralKeyPair":{"pubKey":"BUYf5ASL6vk1pGRJtV4Jwdnn7Fd0CcSVaj+DCZ7wzL50","privKey":"SInmPDS85mIvkWfHZeytburjz+KrF8xBVvKkxREPXWM="},"lastRemoteEphemeralKey":"BdP0KXe1IGiEoiloCX/46YPmQG0kA0pqaDFBBpKHkII0","previousCounter":0,"rootKey":"8OhV9SpbtqBoCF+fpUnH2Nr2LL3oiPATfKFjR2nqoGg="},"indexInfo":{"baseKey":"BZHXl0PnIul5dpG3MYLj4IOkwX8zUKcSLu1VNhbjuGN3","baseKeyType":2,"closed":-1,"used":1750593186401,"created":1750593186401,"remoteIdentityKey":"BUiZXW/Uklvgk6NV0LQUx0FfgCTKw4+lljBolgO4AQth"},"_chains":{"BdP0KXe1IGiEoiloCX/46YPmQG0kA0pqaDFBBpKHkII0":{"chainKey":{"counter":0,"key":"4ppXdceBxNsqon2un1+IU8g+VcNAKyfFL0i8XkLnB7Y="},"chainType":2,"messageKeys":{}},"BUYf5ASL6vk1pGRJtV4Jwdnn7Fd0CcSVaj+DCZ7wzL50":{"chainKey":{"counter":0,"key":"mwMZSGqzKbQAegdaeA4NAX/C1b+fnvmNc2u8NXn9oJk="},"chainType":1,"messageKeys":{}}}}},"version":"v1"}