{"_sessions":{"BSlNL8bDzaTv5YI3HXmANhqxjLXAVUoeQXS5IUOLKdtm":{"registrationId":1555726717,"currentRatchet":{"ephemeralKeyPair":{"pubKey":"BXMwQo5I3EhstU94ovjWl1hkA66TvvHdKh7LYaLblbAu","privKey":"ULEX4tOimqMvk8j/EJIowFaqVsXc9nw9MfWApRrAfWw="},"lastRemoteEphemeralKey":"BQwtXq7+zSrAwZtypoH4QW/ptK24J0G6ePsi2aw7Irdp","previousCounter":0,"rootKey":"LscZEa4GUFTHdiRh49XeT/cpJBJ/0eGZnXduDfofSJQ="},"indexInfo":{"baseKey":"BSlNL8bDzaTv5YI3HXmANhqxjLXAVUoeQXS5IUOLKdtm","baseKeyType":2,"closed":-1,"used":1750602638791,"created":1750602638791,"remoteIdentityKey":"BQf9IFySVCeo4QDjKV2kLOK0NaRlOXHIHsFj2g9MQr4X"},"_chains":{"BQwtXq7+zSrAwZtypoH4QW/ptK24J0G6ePsi2aw7Irdp":{"chainKey":{"counter":1,"key":"UGLMrPs5D3S2PTYiLpbV6sGAFYsfaCMA9PT6MP0QLwg="},"chainType":2,"messageKeys":{"0":"IeBX3VKQUiZGRAmpS7ZKJQRdkZlQDqfOEUC6icSW5q0="}},"BXMwQo5I3EhstU94ovjWl1hkA66TvvHdKh7LYaLblbAu":{"chainKey":{"counter":-1,"key":"+aupLYyJ3WUoWsOvB5GuGPGZ59JSiWRTHEgKmoBz940="},"chainType":1,"messageKeys":{}}}}},"version":"v1"}