{"_sessions":{"BaKLF4W/y/co/Gwr7WJe57CwrkEsmuSK24IRUb4U/iAn":{"registrationId":891109007,"currentRatchet":{"ephemeralKeyPair":{"pubKey":"BeX5JG+bzBQITdMwXKH3EeC0ngFStYfvArKAfnGc6NYp","privKey":"sFJsUUo+01jgkju8wgQMBeLwzRp7tYjrdqJIqLGp404="},"lastRemoteEphemeralKey":"BQcpgexKBILF9obKTHhSoOe+KYM8K+o3xMCaKMS430YN","previousCounter":0,"rootKey":"G8F1d4OFn/mXM65Pl3huTtQ4wXwizHw8J5pt+RO81CQ="},"indexInfo":{"baseKey":"BaKLF4W/y/co/Gwr7WJe57CwrkEsmuSK24IRUb4U/iAn","baseKeyType":2,"closed":-1,"used":1750615114984,"created":1750615114984,"remoteIdentityKey":"BTk3PrJf2Qet9+a4T2jb/WblAiEbs6kbrlI7f+ozeYtc"},"_chains":{"BQcpgexKBILF9obKTHhSoOe+KYM8K+o3xMCaKMS430YN":{"chainKey":{"counter":0,"key":"suPJ+GZWEeHZrdyLyI75yTYvNZDn/nNOLPOsoYvGksQ="},"chainType":2,"messageKeys":{}},"BeX5JG+bzBQITdMwXKH3EeC0ngFStYfvArKAfnGc6NYp":{"chainKey":{"counter":-1,"key":"gm4vKR8yktEpVzjJj8oUZY+6qaThTBdJvM7XJnTPgMU="},"chainType":1,"messageKeys":{}}}}},"version":"v1"}