{"_sessions":{"BdeAwNb7qZSwgFteEQLGQvn069fYYovmiwvpVwUKVY5I":{"registrationId":847097957,"currentRatchet":{"ephemeralKeyPair":{"pubKey":"BWBKz0c4jW62TjmyvxtrOCYvR4BG+XJvYMv6Ymk+VIBd","privKey":"kCGXtVxc6zgcQpiLMsTRNzv7lYVhJaswKh7h1KAkXE4="},"lastRemoteEphemeralKey":"BejuhR8lU/Z2xrriH7csENmIVZW/hc6kAOG0YR66jjR6","previousCounter":0,"rootKey":"reg5SzpEQ6P1PJsPUDotBsDONHrcu56COEiXS6wmEMM="},"indexInfo":{"baseKey":"BdeAwNb7qZSwgFteEQLGQvn069fYYovmiwvpVwUKVY5I","baseKeyType":2,"closed":-1,"used":1750601310989,"created":1750601310989,"remoteIdentityKey":"BWrmFSwIXlMoUGw87WH6dj58791r+5zxWiQqsw+c7GV1"},"_chains":{"BejuhR8lU/Z2xrriH7csENmIVZW/hc6kAOG0YR66jjR6":{"chainKey":{"counter":0,"key":"FZ5XGF3CvMePQwKRtxGkjcNOHfaT/4IBceQhsgne1o0="},"chainType":2,"messageKeys":{}},"BWBKz0c4jW62TjmyvxtrOCYvR4BG+XJvYMv6Ymk+VIBd":{"chainKey":{"counter":0,"key":"nfogX5emguVW3YRy17L0uiCQrrfeRRdPY8jp4vtxadw="},"chainType":1,"messageKeys":{}}}}},"version":"v1"}