{"_sessions":{"BaPFdsWE7tbgteLLiJZhk375Py7Qacfv5YkZNNvFe2sp":{"registrationId":141640191,"currentRatchet":{"ephemeralKeyPair":{"pubKey":"BexetEC3LkKI4gR49/PjUKtK73DhH4X96S5lbNIWO24g","privKey":"0J7V0nrqgmIkzky8lAhB8i8mSxYC6iWzp0bhmB5i4UU="},"lastRemoteEphemeralKey":"BXTBTHr/jKfzWM16ucgsf3Ycr2QMI1uL4yDKjihos2tL","previousCounter":0,"rootKey":"rfeyHHFGr4RzJGskuqqr2wXghFdb/V3dysDoXK6ShCY="},"indexInfo":{"baseKey":"BaPFdsWE7tbgteLLiJZhk375Py7Qacfv5YkZNNvFe2sp","baseKeyType":2,"closed":-1,"used":1750606545872,"created":1750606545872,"remoteIdentityKey":"BaGvkMirWdFtXnxSAxhCiSNVguJaJWVCBWP6ZA7mmB0d"},"_chains":{"BXTBTHr/jKfzWM16ucgsf3Ycr2QMI1uL4yDKjihos2tL":{"chainKey":{"counter":0,"key":"NxRSlT9hFNhu/lOrdjWWry62WZCXFSld6Ju2LOdrM9w="},"chainType":2,"messageKeys":{}},"BexetEC3LkKI4gR49/PjUKtK73DhH4X96S5lbNIWO24g":{"chainKey":{"counter":-1,"key":"GtDnwp9mWvqtAXtLWhX3dCHY4gKpbqy4ib+xgyTXUvs="},"chainType":1,"messageKeys":{}}}}},"version":"v1"}