{"_sessions":{"BdufwmD1/DgOvHe1mMMp/wLwYx57StUzS32P31vgciom":{"registrationId":1114553378,"currentRatchet":{"ephemeralKeyPair":{"pubKey":"Bc1YiwO92OJAHhyMohn103Sw3FiUDwu5Ft0JrcIfN7Jm","privKey":"yIDMk2f1Lrk/5U8lZ9jPozjfRnMGAzPBYhTRIDgVumI="},"lastRemoteEphemeralKey":"BdkxkfYOr+JyOOmlkPjYfOfjp9SWaKdAnSM1/skAgyZq","previousCounter":0,"rootKey":"VJDvMPOQ7p2aq8gUzgsEk2EUQbnZJsIGBtonJLoMCh0="},"indexInfo":{"baseKey":"BdufwmD1/DgOvHe1mMMp/wLwYx57StUzS32P31vgciom","baseKeyType":1,"closed":-1,"used":1750610992673,"created":1750610992673,"remoteIdentityKey":"BbFS8dytqwbXCaz/rHbPQi/2ne0STdRm3kGaNom206gk"},"_chains":{"Bc1YiwO92OJAHhyMohn103Sw3FiUDwu5Ft0JrcIfN7Jm":{"chainKey":{"counter":0,"key":"TDwY2zgDoF9y/Kpc3iub4eaoR6OZhkaAsjSxNKWTyAQ="},"chainType":1,"messageKeys":{}}},"pendingPreKey":{"signedKeyId":3,"baseKey":"BdufwmD1/DgOvHe1mMMp/wLwYx57StUzS32P31vgciom","preKeyId":16320592}}},"version":"v1"}