{"_sessions":{"BTlXgwinvZNB5Cdv3KPvLuE7qwtAQV9oMsZgqlcAcUNM":{"registrationId":945991959,"currentRatchet":{"ephemeralKeyPair":{"pubKey":"BWox/eh/iq8x9BQ3Nh9ev2wXTrfuevYd2lajnupG6517","privKey":"sNEhdNNLDRnoItzsVrYpep4lqFhg9rM3AL9XvB7cLW8="},"lastRemoteEphemeralKey":"BaZ6t80TrmbId9FofB8JIop1Isd/rx/CndNPcEkBKZ98","previousCounter":0,"rootKey":"28QH3PTdH67xMt9KVNF0qoYEeAjgD0ILcgOEkLv4KSg="},"indexInfo":{"baseKey":"BTlXgwinvZNB5Cdv3KPvLuE7qwtAQV9oMsZgqlcAcUNM","baseKeyType":2,"closed":-1,"used":1750578602968,"created":1750578602967,"remoteIdentityKey":"BblsdVut5QKNCBi9dmVO152tFjc7BwTgDJvXJWK+Ix0d"},"_chains":{"BaZ6t80TrmbId9FofB8JIop1Isd/rx/CndNPcEkBKZ98":{"chainKey":{"counter":0,"key":"F3J3lbGZUouh+X0Dhro98uwTZ1INOmQtRPXsu1GoEFg="},"chainType":2,"messageKeys":{}},"BWox/eh/iq8x9BQ3Nh9ev2wXTrfuevYd2lajnupG6517":{"chainKey":{"counter":-1,"key":"bWTO7lARw+mpuBMd1i41RG+L9XzQ7w86iPD4Pt0FwnQ="},"chainType":1,"messageKeys":{}}}}},"version":"v1"}