{"_sessions":{"BV77A5D45gEPmPx2XC4f/6gW639XI+01ehRldhupj1gJ":{"registrationId":411774574,"currentRatchet":{"ephemeralKeyPair":{"pubKey":"BVTk6o/VV0530Ca8MDiOI56rhzqPvyR8fVuKIxfmcvBn","privKey":"qILJZSsHHl30hEdPmU5PjBbKxLhwEfsszFQTD/QOXlY="},"lastRemoteEphemeralKey":"BS82TucI94TjIK54dqB7P2nExgMdw7jU756ezUg0W0MS","previousCounter":0,"rootKey":"0j6kH8UBHics5u23JjCHBTqdd9lGwwipabVmWrtVvtg="},"indexInfo":{"baseKey":"BV77A5D45gEPmPx2XC4f/6gW639XI+01ehRldhupj1gJ","baseKeyType":1,"closed":-1,"used":1750608416572,"created":1750608416572,"remoteIdentityKey":"BUYyie7iYZ/9JeirF9Y/4M+gTYY9by7R5Y1JyrOBu09J"},"_chains":{"BVTk6o/VV0530Ca8MDiOI56rhzqPvyR8fVuKIxfmcvBn":{"chainKey":{"counter":0,"key":"f69nS6VWf5lY1NCZ/Jh/8EfsTCZa7pqO+a452z9qENU="},"chainType":1,"messageKeys":{}}},"pendingPreKey":{"signedKeyId":27,"baseKey":"BV77A5D45gEPmPx2XC4f/6gW639XI+01ehRldhupj1gJ","preKeyId":15582314}}},"version":"v1"}