{"_sessions":{"BY398dP8Oyh/yAS9faGPsk3/enRON9ThnnfpliRIYngR":{"registrationId":1047759824,"currentRatchet":{"ephemeralKeyPair":{"pubKey":"BZZybUnKOuYFdINtzQqWWuG6opaOawasD2Hf6SZTlhAt","privKey":"SC/zMXmXVFQuwcqXgCfsLyXnoyPrQ3Yc4/50HSlanm4="},"lastRemoteEphemeralKey":"BeVonERriwrzDr5/Rdgix6gGoHnhuu0QSwRTH7O889lK","previousCounter":0,"rootKey":"iN6zr2JUt1nxQefYRm1OrnCEMC0/lXYIMGvuTK1mRyQ="},"indexInfo":{"baseKey":"BY398dP8Oyh/yAS9faGPsk3/enRON9ThnnfpliRIYngR","baseKeyType":1,"closed":-1,"used":1750608416665,"created":1750608416665,"remoteIdentityKey":"BTT0OI8jBjEPTQLUMhmmYYxuBAFRUFcO00Pin+ShsQcN"},"_chains":{"BZZybUnKOuYFdINtzQqWWuG6opaOawasD2Hf6SZTlhAt":{"chainKey":{"counter":0,"key":"hcQYGXn3hOelicZbVH7Nl7f1Xf1a4MnK2zvJakC0PFw="},"chainType":1,"messageKeys":{}}},"pendingPreKey":{"signedKeyId":3,"baseKey":"BY398dP8Oyh/yAS9faGPsk3/enRON9ThnnfpliRIYngR","preKeyId":8623899}}},"version":"v1"}