{"_sessions":{"BTG7GIo6OhBeho+7d9mwrCs3g5dCFB6LJPK8LcFN3YUL":{"registrationId":2127468696,"currentRatchet":{"ephemeralKeyPair":{"pubKey":"BYZaMOTnORRcA2VSIUFZfIKzawpdJDtjr78hrJDsRkth","privKey":"IJZzsCFrUlptgxaGyfyci63F9vbVP6HB79I/aDJu/20="},"lastRemoteEphemeralKey":"BfP3WmTMvPmmrSHk5WCktvc4iACk8ZWErlHFkWmGIxV9","previousCounter":0,"rootKey":"cFlD0/hEiR2GR81VutxmOURi2yErEz+kouB5d9fZWvI="},"indexInfo":{"baseKey":"BTG7GIo6OhBeho+7d9mwrCs3g5dCFB6LJPK8LcFN3YUL","baseKeyType":1,"closed":-1,"used":1750611136560,"created":1750611136560,"remoteIdentityKey":"BSJJyoFt2RA1BnsgMHqV9oBOqvro189z58H04aYaCLJ0"},"_chains":{"BYZaMOTnORRcA2VSIUFZfIKzawpdJDtjr78hrJDsRkth":{"chainKey":{"counter":0,"key":"tOhzPrmykp9yfF9Mou584n3YwFZx5spMrQf6mCC00jc="},"chainType":1,"messageKeys":{}}},"pendingPreKey":{"signedKeyId":39,"baseKey":"BTG7GIo6OhBeho+7d9mwrCs3g5dCFB6LJPK8LcFN3YUL","preKeyId":5033622}}},"version":"v1"}