{"_sessions":{"BevtGBRt4CBoJJzo2lZZ7QSrcoISZ0Byyo+UUyLA7qYC":{"registrationId":1817472946,"currentRatchet":{"ephemeralKeyPair":{"pubKey":"BU43kk3cnb/eX2xWkb5k1P4LzHoxY4wzjszlkheK78gn","privKey":"qHpYoQsSUE29eyH609PdZfWLWBiVmDwI5uwhCPBqt2I="},"lastRemoteEphemeralKey":"BVMRMi2OyXgYMr8465gkzmKOnmPyBOQF597J2LT4RwQH","previousCounter":0,"rootKey":"V/V5B3rHY7/M4jw6cclgBu2KJX5RaHfg8+HULvzwrJ8="},"indexInfo":{"baseKey":"BevtGBRt4CBoJJzo2lZZ7QSrcoISZ0Byyo+UUyLA7qYC","baseKeyType":2,"closed":-1,"used":1750598851694,"created":1750598851694,"remoteIdentityKey":"BS0A4jFMWHdlv526a5kGm82LPd71lUF61+I/70UoUtBO"},"_chains":{"BVMRMi2OyXgYMr8465gkzmKOnmPyBOQF597J2LT4RwQH":{"chainKey":{"counter":0,"key":"kb5Iw3/v03hu8QLsfFYDU4Z9tcGiutLZvdJv9cga6hQ="},"chainType":2,"messageKeys":{}},"BU43kk3cnb/eX2xWkb5k1P4LzHoxY4wzjszlkheK78gn":{"chainKey":{"counter":0,"key":"FcCgTS2QiCS89ZKgTFQYxJwFlpswftUwvSf+iIk07xY="},"chainType":1,"messageKeys":{}}}}},"version":"v1"}