{"_sessions":{"Bbn/28DcSLLTstmMH7g38yCpU/YV80ld+9w+fa0hNHNc":{"registrationId":433895722,"currentRatchet":{"ephemeralKeyPair":{"pubKey":"BZGgMx+WNekVCNlZFPFZr5kHTwt+BnkAsgJHR8WIbocB","privKey":"iGptx09sOVL4R2sYb6H+F5wHmiNz1Hdj+KBzVsFkC24="},"lastRemoteEphemeralKey":"BaxtT1Al78pwMllxaQQ5nYhF9SzkhNt1yua98fuTEUlv","previousCounter":0,"rootKey":"eUr/42oKIkWgkMDGvUDhXq7ocMYpOomgtxlFbZS/9nw="},"indexInfo":{"baseKey":"Bbn/28DcSLLTstmMH7g38yCpU/YV80ld+9w+fa0hNHNc","baseKeyType":1,"closed":-1,"used":1750617036658,"created":1750610992781,"remoteIdentityKey":"BVn38DsHyk0PV76QS9N1MkWiEuWohE3RZ5rI40auT/4L"},"_chains":{"BaxtT1Al78pwMllxaQQ5nYhF9SzkhNt1yua98fuTEUlv":{"chainKey":{"counter":0,"key":"0c3ZQYJFFF3PQ00SemP3Mt6xalJh8RbG5xWKqtvD5EM="},"chainType":2,"messageKeys":{}},"BZGgMx+WNekVCNlZFPFZr5kHTwt+BnkAsgJHR8WIbocB":{"chainKey":{"counter":-1,"key":"BNemqW3MQROEdBZ02pi26jYhffocJOn/U05C+cOjTGQ="},"chainType":1,"messageKeys":{}}}}},"version":"v1"}