{"_sessions":{"Bc8H6xoec5P8lWzZAWQzx6g7gMu5Cpmmt2Ci/86DA7ED":{"registrationId":1524548134,"currentRatchet":{"ephemeralKeyPair":{"pubKey":"BT6mwpu42PmY2s350FHAWSv5hw1n3ACOsqZozzI3+N9B","privKey":"kP9xMfps4of1QbEjNFdSdo3cSOt07HmNsbnzoxJ151U="},"lastRemoteEphemeralKey":"Bep8vk4bxaqIpx1VuvU2ge/c1LGozaWMCgtOo3xQrIB6","previousCounter":0,"rootKey":"Tjuy2V26LsPnwAwgUSceg8dVhtFsY3o9wtAy4FV2XDg="},"indexInfo":{"baseKey":"Bc8H6xoec5P8lWzZAWQzx6g7gMu5Cpmmt2Ci/86DA7ED","baseKeyType":2,"closed":-1,"used":1750592953629,"created":1750592953629,"remoteIdentityKey":"BYfJFvbkGqyZo7jRU+Sc8i6qtSSgXIuUApa7jacVatR+"},"_chains":{"Bep8vk4bxaqIpx1VuvU2ge/c1LGozaWMCgtOo3xQrIB6":{"chainKey":{"counter":0,"key":"Mj0CYUxJL2CaJRPHe9uMrzVxMQaRBz84uq2MYii+Nb8="},"chainType":2,"messageKeys":{}},"BT6mwpu42PmY2s350FHAWSv5hw1n3ACOsqZozzI3+N9B":{"chainKey":{"counter":-1,"key":"q74IODg55RKLOnu7PiPkcJxJV8zeLaZMqZimi20iZJk="},"chainType":1,"messageKeys":{}}}}},"version":"v1"}