{"_sessions":{"BYaljZeta0Ly3hVSaxbJwBmCdNyDKFp4X5V3Nr2oj64R":{"registrationId":1925365536,"currentRatchet":{"ephemeralKeyPair":{"pubKey":"BbLTG3AHmzghB75W+vsngPjLUBybttmbDv5spYX5N0A3","privKey":"gAziV43ZKnA2LiDvt4AKH749l0Jh/8OroU21Ymo1cmc="},"lastRemoteEphemeralKey":"BTVMofYcuCJFq0t7GKimhiHfjyb/PaDS34WnQOB9TA8M","previousCounter":0,"rootKey":"18VwfRSD8GHiwyqlWo45o/AtA+IS6FqEDK1BhB7teWE="},"indexInfo":{"baseKey":"BYaljZeta0Ly3hVSaxbJwBmCdNyDKFp4X5V3Nr2oj64R","baseKeyType":1,"closed":-1,"used":1750608416980,"created":1750608416980,"remoteIdentityKey":"BZcMwebWqo2ZoB/145oOzTVuaIHsUheoKdEM78PWFBYd"},"_chains":{"BbLTG3AHmzghB75W+vsngPjLUBybttmbDv5spYX5N0A3":{"chainKey":{"counter":0,"key":"78/ghgZw6ZY4zWTyxpJ3Pg3X6z/x3670F4xACwuILW4="},"chainType":1,"messageKeys":{}}},"pendingPreKey":{"signedKeyId":4,"baseKey":"BYaljZeta0Ly3hVSaxbJwBmCdNyDKFp4X5V3Nr2oj64R","preKeyId":12197088}}},"version":"v1"}