{"_sessions":{"BUY36LDNtydUJLDKgEluYFDB3eU3nJNr6fncBUDYydxx":{"registrationId":2522,"currentRatchet":{"ephemeralKeyPair":{"pubKey":"BV488dKnozuzmS109lHoh4YPXnySuqFaRFmOyIDEZKBy","privKey":"4FUSLcWXw4KzZIAPfsl/mGBy3p3IsRniWNLNq5/PdmE="},"lastRemoteEphemeralKey":"BS6MRp705gR84Uf5VrxBBxz4LD2Ot3OXjy+Izqj+Mch2","previousCounter":0,"rootKey":"ZPDiIj0DzeaZiO/w3mI1Irt80p/kwE4Plh8dQeDInwY="},"indexInfo":{"baseKey":"BUY36LDNtydUJLDKgEluYFDB3eU3nJNr6fncBUDYydxx","baseKeyType":1,"closed":-1,"used":1750608416274,"created":1750608416274,"remoteIdentityKey":"BRIdIZMjoJyGHjfS030rAPcrJcfuR4EPu6hvjaRKCDk3"},"_chains":{"BV488dKnozuzmS109lHoh4YPXnySuqFaRFmOyIDEZKBy":{"chainKey":{"counter":0,"key":"Q7dimnDZ7/aNjTIe1NYJ2t36xuXJvNyF8qw5IwRqwHE="},"chainType":1,"messageKeys":{}}},"pendingPreKey":{"signedKeyId":2,"baseKey":"BUY36LDNtydUJLDKgEluYFDB3eU3nJNr6fncBUDYydxx","preKeyId":1786}}},"version":"v1"}