{"_sessions":{"BUuPKyXJl2Eg/+y/dOaQkG1p1xR9U2vbgBSiKugqm9UP":{"registrationId":1172916878,"currentRatchet":{"ephemeralKeyPair":{"pubKey":"BYEdH5VtQF3itDDnpVM0/PTVICC6gSlzstjFQ0DWdC5V","privKey":"gIi0HZHa23W3H9/xwHIevjTlmpR7vIdStQhyTn7aBHI="},"lastRemoteEphemeralKey":"BQd5hm8hGK+vj44JQzp7IlvKytoD6pnt3oPjywofy+QM","previousCounter":0,"rootKey":"iIS6ek1drt+aNrAGw1HYaug6Peo09e8kHY7byu3FVjQ="},"indexInfo":{"baseKey":"BUuPKyXJl2Eg/+y/dOaQkG1p1xR9U2vbgBSiKugqm9UP","baseKeyType":2,"closed":-1,"used":1750586374210,"created":1750586374210,"remoteIdentityKey":"BW0lgMsfMgDo9dKSZ0YbheRiDXIVxL2CbHE3bq9APe4V"},"_chains":{"BQd5hm8hGK+vj44JQzp7IlvKytoD6pnt3oPjywofy+QM":{"chainKey":{"counter":0,"key":"EFpofzgRI23Pp5C1kVH57jWCx6oJ8SONa911VGkwTrs="},"chainType":2,"messageKeys":{}},"BYEdH5VtQF3itDDnpVM0/PTVICC6gSlzstjFQ0DWdC5V":{"chainKey":{"counter":0,"key":"Smxg8Wo4GUYfx4HnsB9c3vEnpty0v08qAEhNbfOqHsQ="},"chainType":1,"messageKeys":{}}}}},"version":"v1"}