{"_sessions":{"Bf9smUOIBbLjnKTGt3/SagEGZGTuojCKE4UPSZ7f898S":{"registrationId":1925150127,"currentRatchet":{"ephemeralKeyPair":{"pubKey":"BTRwQCUAKHcOrOKq3YHGSpKvVJtk2HZeZcY1XWSq1UYV","privKey":"cDdhzuAcSXK7zTfDAnLNoWhOeSGd2BFd0iUOHphfRkE="},"lastRemoteEphemeralKey":"BYg0K5hGBEGK6y4UWgxpnWYTHAJtDNsKkYviKhQNWolQ","previousCounter":0,"rootKey":"wo/LhUYQcuoKmGF0vKN7rSl0cp6U9gOp4LvyWMWqVRo="},"indexInfo":{"baseKey":"Bf9smUOIBbLjnKTGt3/SagEGZGTuojCKE4UPSZ7f898S","baseKeyType":2,"closed":-1,"used":1750615307851,"created":1750615307851,"remoteIdentityKey":"Bem3VIMzHjYsg8w4yjfCF0thdqtu5FnPItQW/ga4hSZq"},"_chains":{"BYg0K5hGBEGK6y4UWgxpnWYTHAJtDNsKkYviKhQNWolQ":{"chainKey":{"counter":0,"key":"7s/bh905zLIBwafCRNpb2p/CEAdgevLps7C070SsPTY="},"chainType":2,"messageKeys":{}},"BTRwQCUAKHcOrOKq3YHGSpKvVJtk2HZeZcY1XWSq1UYV":{"chainKey":{"counter":-1,"key":"ARcc3Ro9DpEOyQ2TRqyj4FSIhLvcl3GaEatQIfDZLrY="},"chainType":1,"messageKeys":{}}}}},"version":"v1"}