{"_sessions":{"BfL5UfTFcBlOZmGfewyocai/pP5M5qqobb6tXYGvogMq":{"registrationId":1981147601,"currentRatchet":{"ephemeralKeyPair":{"pubKey":"BaUP7m6nrZ9gwBZFLMrzYKRD22uWdvmCvLNDhLys3uBl","privKey":"eEjTgJj8z2p/U4hm2ij0L4dLHMu+MfrrJHyU9FJSZ1s="},"lastRemoteEphemeralKey":"BTTP9lFkEDNIMkq+e1Q1Bk5cmckeAr990DIHY7vVZ6Ix","previousCounter":0,"rootKey":"O+KY8vQGxvpbq9tvJCAfHHiixSvt239NM/RTWB0J+Vs="},"indexInfo":{"baseKey":"BfL5UfTFcBlOZmGfewyocai/pP5M5qqobb6tXYGvogMq","baseKeyType":1,"closed":-1,"used":1750608416973,"created":1750608416973,"remoteIdentityKey":"BWZb7POs1u+JRaLRBIacO0s6U7Wde0zkCnMYuhjmO8Ik"},"_chains":{"BaUP7m6nrZ9gwBZFLMrzYKRD22uWdvmCvLNDhLys3uBl":{"chainKey":{"counter":0,"key":"GKQDm2leMdRMoAOZPBvTwcfBRugf7pxhMSO9heY4Bec="},"chainType":1,"messageKeys":{}}},"pendingPreKey":{"signedKeyId":6,"baseKey":"BfL5UfTFcBlOZmGfewyocai/pP5M5qqobb6tXYGvogMq","preKeyId":8446034}}},"version":"v1"}