{"_sessions":{"BXQip+khngjw97a4xtf4fZ6BrOPROD6cVcLid358bb4x":{"registrationId":1446019769,"currentRatchet":{"ephemeralKeyPair":{"pubKey":"BUsZDc8hcx8Fjnn/tXqahIz+g7dyDfkpKkixCW5oPSYJ","privKey":"oLqzG3NxDqqSXhktsqbfjeARMis8k96dzA9lI1hMc3Q="},"lastRemoteEphemeralKey":"BSmkIBOcf3EhSFTh48lM9mGAbQu8CqZsBcTSlGH+x1kp","previousCounter":0,"rootKey":"ZQwRA9UJrXNYjfe1vCWQilnFLpM+T0eY80KXUM52HJ0="},"indexInfo":{"baseKey":"BXQip+khngjw97a4xtf4fZ6BrOPROD6cVcLid358bb4x","baseKeyType":2,"closed":-1,"used":1750578252990,"created":1750578252990,"remoteIdentityKey":"Bc2mQXJxHA7FcnP0PbqeSevhk0qWt7p+SGRt8ECXPMhz"},"_chains":{"BSmkIBOcf3EhSFTh48lM9mGAbQu8CqZsBcTSlGH+x1kp":{"chainKey":{"counter":0,"key":"szzDer6oD8caLzzzoG7FxPDvnGyqd++krBeVhqPCyh4="},"chainType":2,"messageKeys":{}},"BUsZDc8hcx8Fjnn/tXqahIz+g7dyDfkpKkixCW5oPSYJ":{"chainKey":{"counter":0,"key":"s7inJJE1PP2rqZwPYZsrCusXyUBGg1qjCCc5ymNHknQ="},"chainType":1,"messageKeys":{}}}}},"version":"v1"}