{"_sessions":{"Bc2gtBFWF95ugmjdMThDqKp7chtdxayRAa7pM1esWw9W":{"registrationId":1335559211,"currentRatchet":{"ephemeralKeyPair":{"pubKey":"BZC/gZtu16m3kP21HDKBT+LYnJEQy1aZRDyNPxskMNI3","privKey":"aHXwNNImA+l8C5cS2coNxGYhM6a9c44BB1+UFWBKW3g="},"lastRemoteEphemeralKey":"Bd9TI6SNPwtMFeE0d7Ra78+gcnNQThkAHk9ArEhs1Sct","previousCounter":0,"rootKey":"q/FK/Y4V8bjq96mUhnstAxVmlRSajkhJ2qpVxhEorpE="},"indexInfo":{"baseKey":"Bc2gtBFWF95ugmjdMThDqKp7chtdxayRAa7pM1esWw9W","baseKeyType":1,"closed":-1,"used":1750611136170,"created":1750611136170,"remoteIdentityKey":"BXpcHv6y4QPUZ8zEi6rCvQa2nm/dzkc/zhJkRYDqAxsS"},"_chains":{"BZC/gZtu16m3kP21HDKBT+LYnJEQy1aZRDyNPxskMNI3":{"chainKey":{"counter":0,"key":"lWwkBEJIuX/xUKaeFxTi3Ndx0zFrPkkBSXjCIhbGqYg="},"chainType":1,"messageKeys":{}}},"pendingPreKey":{"signedKeyId":12,"baseKey":"Bc2gtBFWF95ugmjdMThDqKp7chtdxayRAa7pM1esWw9W"}}},"version":"v1"}