{"_sessions":{"BYZ1kyCExLpDyJJpGeMQ4x5fFlAU4XQD30t20s+yRlVV":{"registrationId":452534626,"currentRatchet":{"ephemeralKeyPair":{"pubKey":"BaDKKDCSj5FUo5JbrX6LoaOmHse+vXPbDuF/q+Ez73c1","privKey":"6DWQYPiSdomYMOdkCyckRUa9VFEN5+bNexkDbIfy800="},"lastRemoteEphemeralKey":"BRuRposVvw09fnZfBjPboyOHZIMTOG41TiVSybKcFSIQ","previousCounter":0,"rootKey":"LiUhUHgH3jIbhIAO3Ff8yx1h4AcI7wb+JmDZoshLcMQ="},"indexInfo":{"baseKey":"BYZ1kyCExLpDyJJpGeMQ4x5fFlAU4XQD30t20s+yRlVV","baseKeyType":1,"closed":-1,"used":1750611136077,"created":1750611136077,"remoteIdentityKey":"BbwwMCgIAIM/lhcCOS+4AKNqM/GyiXdE3CYWaF9PCDUb"},"_chains":{"BaDKKDCSj5FUo5JbrX6LoaOmHse+vXPbDuF/q+Ez73c1":{"chainKey":{"counter":0,"key":"FHLfugTCbs/VsPjN83eb5FhXBrV09wAJP2FCdFXPfy8="},"chainType":1,"messageKeys":{}}},"pendingPreKey":{"signedKeyId":5,"baseKey":"BYZ1kyCExLpDyJJpGeMQ4x5fFlAU4XQD30t20s+yRlVV","preKeyId":11454373}}},"version":"v1"}