{"_sessions":{"Bd8Qx0w6sGxuj2fzHNXASBMcyGUj5tYtZb+gI35R8bcb":{"registrationId":65375933,"currentRatchet":{"ephemeralKeyPair":{"pubKey":"BQPmZJBCF+KTUTnDaigoFU53zgSH/jP3At6dQjiFVQoS","privKey":"uJOgitLAsM7a+fMoHtQUc/fwvPhoGiD7pf+zFDgP+Uc="},"lastRemoteEphemeralKey":"BY5HOo6LA+ztcEnSfGHD37QUv+JoUuluPYHA9IZx9bM2","previousCounter":0,"rootKey":"xeYdeDg2VCx7almBGiIPP4Wh0GI9bony+X0YAkEVqqw="},"indexInfo":{"baseKey":"Bd8Qx0w6sGxuj2fzHNXASBMcyGUj5tYtZb+gI35R8bcb","baseKeyType":2,"closed":-1,"used":1750613567872,"created":1750613567872,"remoteIdentityKey":"BawiZPkeHoME++ruYoBHhXmw6UUpHp/d1rBsCVF1w2dm"},"_chains":{"BY5HOo6LA+ztcEnSfGHD37QUv+JoUuluPYHA9IZx9bM2":{"chainKey":{"counter":0,"key":"VfkE0f4x4s3rpUEnn7eG1JzKidDOTKiy/Sgx4XNMRkc="},"chainType":2,"messageKeys":{}},"BQPmZJBCF+KTUTnDaigoFU53zgSH/jP3At6dQjiFVQoS":{"chainKey":{"counter":-1,"key":"6FXsR5n8qhxU81N83aysPM+iokEq2LKLoYZImB8HC0Q="},"chainType":1,"messageKeys":{}}}}},"version":"v1"}