{"_sessions":{"BW/slkbY5XRxQbMzKTnZfM2Y+ia54pmlHbsQootfVIYI":{"registrationId":118479510,"currentRatchet":{"ephemeralKeyPair":{"pubKey":"BTObHcHInFZG37RT5BnrfuVtu0HWf4vHnAIyqYXhQjxp","privKey":"aGZ5u+mjXw2BiBo5Y/aJStF3Htw3A6rBMjCSduyV33g="},"lastRemoteEphemeralKey":"BVVzX8+NB/u3iIqbvtGEm65ioJi1Wz+z4dr68B/xNEQc","previousCounter":0,"rootKey":"Z4//ZZ8qCQFJeRs5lnISOm3d06fG70o/9Gk8y1nwpGs="},"indexInfo":{"baseKey":"BW/slkbY5XRxQbMzKTnZfM2Y+ia54pmlHbsQootfVIYI","baseKeyType":1,"closed":-1,"used":1750608416872,"created":1750608416872,"remoteIdentityKey":"BTihrZNcec3cbYIeL41w1B1qgV3Q/Dph0+A7NJi4suRV"},"_chains":{"BTObHcHInFZG37RT5BnrfuVtu0HWf4vHnAIyqYXhQjxp":{"chainKey":{"counter":0,"key":"wbKAdG5dVFFJ7AmGl474SuhWOHb6irXMTlm/yPGCG6c="},"chainType":1,"messageKeys":{}}},"pendingPreKey":{"signedKeyId":20,"baseKey":"BW/slkbY5XRxQbMzKTnZfM2Y+ia54pmlHbsQootfVIYI","preKeyId":10628888}}},"version":"v1"}