{"_sessions":{"BTS9++tpkoJrtn/s2cgtaIH6orDQsSVmfPNVi/gyxuY/":{"registrationId":425509625,"currentRatchet":{"ephemeralKeyPair":{"pubKey":"BSB20Ir6D2NV+S5WgbxUs8KgN8O9HlOceIE1LaBtDGMI","privKey":"cP/TjU70sjbMjk3PGBrCRLxpcd2zPh1g/6q3X3mURVI="},"lastRemoteEphemeralKey":"BT8Yc11JUWscC08eqjvkTmb6usYI+db2aF8czVAbCMh1","previousCounter":0,"rootKey":"i4rcASihWZFIW7fIIo1oNusw5f0Cq3JiVDiYHHQvppA="},"indexInfo":{"baseKey":"BTS9++tpkoJrtn/s2cgtaIH6orDQsSVmfPNVi/gyxuY/","baseKeyType":2,"closed":-1,"used":1750599738035,"created":1750599738035,"remoteIdentityKey":"Be3A6t+LGZDMv/NNICoMkB1Ctooy+hM3PeH7q28JFgEI"},"_chains":{"BT8Yc11JUWscC08eqjvkTmb6usYI+db2aF8czVAbCMh1":{"chainKey":{"counter":3,"key":"TUfA9BFGIOAiEOTDbt9LBDPVXy9N7T5nKlPE96AgCBA="},"chainType":2,"messageKeys":{"0":"zDGH9Ve+RcWfpJ6g/8R+eKuPnSuxnmSqTSXrhCW7E9E=","1":"TDKBR1vpywS2P1UXQEEX6JuingBxba/0PCAK+cM5nZw=","2":"aMye+gP+Xavla8S2HHgjo2DGez1A0hwj9lniIhWiF58="}},"BSB20Ir6D2NV+S5WgbxUs8KgN8O9HlOceIE1LaBtDGMI":{"chainKey":{"counter":-1,"key":"ZVQNNllhOBjSBbBIPWzAOoYokshLzLBhdOgloHZC524="},"chainType":1,"messageKeys":{}}}}},"version":"v1"}