{"_sessions":{"BfJOioDVPyblUgiiujfSkeLXgtRS6oFiIiHqoG4I1IkJ":{"registrationId":405816594,"currentRatchet":{"ephemeralKeyPair":{"pubKey":"BZU9izip7LUlzhl2YDTlnyj/KJju2CekoEKDPuecOi8I","privKey":"yCVZXGYdYPCC5k+8wJaCq8P68jXNtJV1uIt5c7ELUH8="},"lastRemoteEphemeralKey":"BQd4hXtt6YUOYTq2aoHZQyMBeCDtwnQ4WiRVWO8iM7Zm","previousCounter":0,"rootKey":"dmAJJP+i8SP+DBmH+Ma0gLm6Vx6i3C+q7mDqKPC5xF4="},"indexInfo":{"baseKey":"BfJOioDVPyblUgiiujfSkeLXgtRS6oFiIiHqoG4I1IkJ","baseKeyType":2,"closed":-1,"used":1750593523582,"created":1750593523582,"remoteIdentityKey":"BXp8NxWlcEuYy9qSMAL2m/M80ok3TBLWMSwOZorx9VB8"},"_chains":{"BQd4hXtt6YUOYTq2aoHZQyMBeCDtwnQ4WiRVWO8iM7Zm":{"chainKey":{"counter":0,"key":"hbCG5jcXv2tGns2IPPnfXE0yaAzAY4zj9n/xldCdK3c="},"chainType":2,"messageKeys":{}},"BZU9izip7LUlzhl2YDTlnyj/KJju2CekoEKDPuecOi8I":{"chainKey":{"counter":-1,"key":"wXhfgaG8G30wxy4ec/h13zRF112Hk94hKTYo8nd/bkI="},"chainType":1,"messageKeys":{}}}}},"version":"v1"}