{"_sessions":{"Bc/Gsbzls7FX8/ubH+MdCdp2mL5/z4BMR7EKM9T73T0J":{"registrationId":873718131,"currentRatchet":{"ephemeralKeyPair":{"pubKey":"BQAILAes5TBR0//0+D3Ow1oECIVoOs0cmp2LnpdfWfo6","privKey":"EDJPj253QzYySpF8bNmv/wFt27vHs5v0VPkxck8WMHM="},"lastRemoteEphemeralKey":"BckEtTZZGbtRQtsi0u1ZMMiRq0X29lNBNaiZJTo8sKda","previousCounter":0,"rootKey":"lHVEh84e09NWYk0O82dezizO+ENjIclRH0hsAsgqSkQ="},"indexInfo":{"baseKey":"Bc/Gsbzls7FX8/ubH+MdCdp2mL5/z4BMR7EKM9T73T0J","baseKeyType":1,"closed":-1,"used":1750608417064,"created":1750608417064,"remoteIdentityKey":"BXb35QLwGmngbhCVwY5uCx0r1Se73xEuGrauXMAKzlsf"},"_chains":{"BQAILAes5TBR0//0+D3Ow1oECIVoOs0cmp2LnpdfWfo6":{"chainKey":{"counter":0,"key":"Huwv+lH3YCPr6AgSvoSuk8SXz06gsoQuChsMsIdj3fk="},"chainType":1,"messageKeys":{}}},"pendingPreKey":{"signedKeyId":11,"baseKey":"Bc/Gsbzls7FX8/ubH+MdCdp2mL5/z4BMR7EKM9T73T0J","preKeyId":5383114}}},"version":"v1"}