{"_sessions":{"BZhJgZcrw17HpcQ0zUiFt3teY10i+tdP3IV2qfa561UT":{"registrationId":1671298705,"currentRatchet":{"ephemeralKeyPair":{"pubKey":"BXdqVPFf/HXo2DUoNuMam1IUazXn20qDRKs4ismGhJkw","privKey":"SIfVgQBaeL7KMs/2r/OCNSDpK2Eol5+t+ytT5MTJrGA="},"lastRemoteEphemeralKey":"BURtP/a9ln4K37nBAFPJM/zsjpHbSWapoEg/qSYHL6cJ","previousCounter":0,"rootKey":"RtXPzdraOVI5OoKGCNTw8JY7Dwgwv6PIVDTyfYRIAWw="},"indexInfo":{"baseKey":"BZhJgZcrw17HpcQ0zUiFt3teY10i+tdP3IV2qfa561UT","baseKeyType":2,"closed":-1,"used":1750625104675,"created":1750625104675,"remoteIdentityKey":"BYpXDU78uF0hyRdarvASZeRRqZi6lkwAqDnjLF1b5dRy"},"_chains":{"BURtP/a9ln4K37nBAFPJM/zsjpHbSWapoEg/qSYHL6cJ":{"chainKey":{"counter":1,"key":"THwN+HFHC2jz5e64DdzoHaKaKPC4j7GQsK7im1daJE8="},"chainType":2,"messageKeys":{"0":"hvUnQQBWSYF6NNwK3DO9CwOpIPADu5wcsupH1vv++SA="}},"BXdqVPFf/HXo2DUoNuMam1IUazXn20qDRKs4ismGhJkw":{"chainKey":{"counter":-1,"key":"PTMCJBBQD4BE3AvDbrexLDR8xtKOCGD3eV8qFi9scrY="},"chainType":1,"messageKeys":{}}}}},"version":"v1"}