{"_sessions":{"BUX07vVqc0OwoXn/4xvX9EmcXGTpx04aYYoPiAhcQSsh":{"registrationId":1323246176,"currentRatchet":{"ephemeralKeyPair":{"pubKey":"BfboXeNV6rtHEC8GIePgbel2ZC9kpysANVZIRlrB6Dxo","privKey":"oAPZT7SmOx2z7grPjUnuXChE9qbO+9WyyM7vogsJC1E="},"lastRemoteEphemeralKey":"BTFjIrraOXLeMPsypjjafNm3WaZbtvzlYyd5nTeaaC82","previousCounter":0,"rootKey":"kPxVQtAbSsYuSl33N4OTOiAdfsICEBmVAvJVDGog6fI="},"indexInfo":{"baseKey":"BUX07vVqc0OwoXn/4xvX9EmcXGTpx04aYYoPiAhcQSsh","baseKeyType":1,"closed":-1,"used":1750608416176,"created":1750608416176,"remoteIdentityKey":"BZlqnymjlAfIQOwygkxFY5mkL/pjx4a+Xgftb3s/vA9q"},"_chains":{"BfboXeNV6rtHEC8GIePgbel2ZC9kpysANVZIRlrB6Dxo":{"chainKey":{"counter":0,"key":"Xp6RnQRZFdTgoKOCT9uV2+m3sbp4QrC29o2lHaFDWMw="},"chainType":1,"messageKeys":{}}},"pendingPreKey":{"signedKeyId":1,"baseKey":"BUX07vVqc0OwoXn/4xvX9EmcXGTpx04aYYoPiAhcQSsh","preKeyId":169}}},"version":"v1"}