{"_sessions":{"Bcr0f/v9OClBYfIWWefpN0vdWilk2fIQn5tBfxk0I1M2":{"registrationId":747716068,"currentRatchet":{"ephemeralKeyPair":{"pubKey":"BYk8FfnuTS/KFLaxCPYktaIjjvKJAVOnSJFmgE5JZlBa","privKey":"yAjqUtgiTZ1/u25Rw6B9JE07TfNUYN/iYe/i2BHnOXE="},"lastRemoteEphemeralKey":"BSU4ePUL/cwBA+YJYUNS99TTOfVGXIBnQO9oMso0pNVn","previousCounter":0,"rootKey":"WG9olkkBniCHp0+T5ShkD1e3UCnAdSbABhX0hM5Jb28="},"indexInfo":{"baseKey":"Bcr0f/v9OClBYfIWWefpN0vdWilk2fIQn5tBfxk0I1M2","baseKeyType":1,"closed":-1,"used":1750608416373,"created":1750608416373,"remoteIdentityKey":"BbPNWGrIDrY6a9FZALDEip/RR0+7EJDq42uWJMHwP/Bq"},"_chains":{"BYk8FfnuTS/KFLaxCPYktaIjjvKJAVOnSJFmgE5JZlBa":{"chainKey":{"counter":0,"key":"ceCKD203qutYsTwiEiQdU6h4LfxFW+R+fe0qwNv0bak="},"chainType":1,"messageKeys":{}}},"pendingPreKey":{"signedKeyId":31,"baseKey":"Bcr0f/v9OClBYfIWWefpN0vdWilk2fIQn5tBfxk0I1M2","preKeyId":4415327}}},"version":"v1"}