{"_sessions":{"BVbNOsAQm+b5JRWbloDImgaHu04nO5LxRuKEzDKCR+h2":{"registrationId":384466457,"currentRatchet":{"ephemeralKeyPair":{"pubKey":"BXlQG4bJTZ9odBmDMTDvbx0K2qd9oqXfe/ChHKsIUck7","privKey":"+M+7XDXvmg4E1+nEoiFoxFqviEwnUa1ym2BNOaapMk4="},"lastRemoteEphemeralKey":"BZsKBddUPuKXX28ShNdbU98eUJf2xSeQgROufF9ucYBF","previousCounter":0,"rootKey":"TNM6bjz+ZV4ywurMr+Z9sjO+TMo5jPvnC1AHpgPWjkk="},"indexInfo":{"baseKey":"BVbNOsAQm+b5JRWbloDImgaHu04nO5LxRuKEzDKCR+h2","baseKeyType":1,"closed":-1,"used":1750608417162,"created":1750608417162,"remoteIdentityKey":"BS5SEf2jIxN8viuKFFVq07ykwOiyLo7RtjFmKkubNnoz"},"_chains":{"BXlQG4bJTZ9odBmDMTDvbx0K2qd9oqXfe/ChHKsIUck7":{"chainKey":{"counter":1,"key":"dxOjsEen5tCHbPdXUzpq536mw1nNv0yYQ7ofrV2ZLu0="},"chainType":1,"messageKeys":{}}},"pendingPreKey":{"signedKeyId":14,"baseKey":"BVbNOsAQm+b5JRWbloDImgaHu04nO5LxRuKEzDKCR+h2","preKeyId":12307814}}},"version":"v1"}