{"_sessions":{"BUCy371C6dFWURg4sDp+qja4AGqrXPTe71vF5vCDfoVw":{"registrationId":1618411469,"currentRatchet":{"ephemeralKeyPair":{"pubKey":"BXyKconY8iIiUO6Yk7a1zo1bigYXv8ZB9XORwAfTm5Rg","privKey":"yKPhEkjD/Fy3c773Huqdz0dnlSjJgCnLyqhU33oxUm0="},"lastRemoteEphemeralKey":"BXav0fnQbpzw4ouYDTxN+gzvGSjAKh/fl+TB4+4o2JMM","previousCounter":0,"rootKey":"xNsTBk0cTRCzdl+2vZQBd66LXCdHK//ZZJ88m8qrQI4="},"indexInfo":{"baseKey":"BUCy371C6dFWURg4sDp+qja4AGqrXPTe71vF5vCDfoVw","baseKeyType":2,"closed":-1,"used":1750619047902,"created":1750619047902,"remoteIdentityKey":"BeIPdKWqDygyNoEespTx5RsX49tknPgwIrw91x/4ggEw"},"_chains":{"BXav0fnQbpzw4ouYDTxN+gzvGSjAKh/fl+TB4+4o2JMM":{"chainKey":{"counter":0,"key":"n1LG7WaSjXqc+hwmbRfRjsuMS0k9UG7YGPjbr3I28wM="},"chainType":2,"messageKeys":{}},"BXyKconY8iIiUO6Yk7a1zo1bigYXv8ZB9XORwAfTm5Rg":{"chainKey":{"counter":-1,"key":"EFhS7AQinbyaUW86NWH2m40UUZkcfIWJBG1P1kOQL40="},"chainType":1,"messageKeys":{}}}}},"version":"v1"}