{"_sessions":{"BWcQsGGBJz9Y9uTHBJNpvCfgf9Lq9PGWDAcfx24oLqJP":{"registrationId":1175840656,"currentRatchet":{"ephemeralKeyPair":{"pubKey":"BbWDhyjQJqnBuCU9lss11/Csoaz4SjP3mCewrXnlSN0N","privKey":"CKOcdHAbtW5U51A+gGh9jKFxROvmrH89XH0OpH7kI3k="},"lastRemoteEphemeralKey":"BRK1OnhgKUiOaWdbOTB5JSPLu6aw4Kjf0Xx7mn5jF/x6","previousCounter":0,"rootKey":"pbQG/Ob44kyzWvks6MWZncHda5/YUYhvcUnFQnKA70g="},"indexInfo":{"baseKey":"BWcQsGGBJz9Y9uTHBJNpvCfgf9Lq9PGWDAcfx24oLqJP","baseKeyType":2,"closed":-1,"used":1750618583929,"created":1750618583929,"remoteIdentityKey":"BYV9myWjqQ6asdN30ZMAlw+tT4s5t/xxpfYf7QDFCNpp"},"_chains":{"BRK1OnhgKUiOaWdbOTB5JSPLu6aw4Kjf0Xx7mn5jF/x6":{"chainKey":{"counter":1,"key":"GuTAbtUHTi68IYEZRrkabRXFKMwDevJ2M+MOEl3z7lw="},"chainType":2,"messageKeys":{"0":"J7blT/WFXTCJ4kbwNMCTEKPhJ30Gag77KKw5pqdfChM="}},"BbWDhyjQJqnBuCU9lss11/Csoaz4SjP3mCewrXnlSN0N":{"chainKey":{"counter":-1,"key":"FSRNo+PRjo/R+oLwZU8XpAkAXKSjCx1F/BsTOlS5R4c="},"chainType":1,"messageKeys":{}}}}},"version":"v1"}