{"_sessions":{"BaMGs9V7YQ1IorI8mQcQfnUuWU9HcP6QPOJtu3ZuO4xd":{"registrationId":1050719640,"currentRatchet":{"ephemeralKeyPair":{"pubKey":"BSgN2qQhAuPLO1+Bnu1SvvTc+Rcsi869Mf/VJ6g+/aEu","privKey":"yICyrVrr9r564bai3hgElkx8h7cWj4I3HYAt6zMU9Ws="},"lastRemoteEphemeralKey":"BR295UuGl8Z5w5sh4w2ekYYuMDcsdu0J4EPCedsm2jcz","previousCounter":0,"rootKey":"XnyF47DIak8wH0ISgclPiooCOTXPy89BDgh9hMPR7CQ="},"indexInfo":{"baseKey":"BaMGs9V7YQ1IorI8mQcQfnUuWU9HcP6QPOJtu3ZuO4xd","baseKeyType":1,"closed":-1,"used":1750611135968,"created":1750611135968,"remoteIdentityKey":"BQ0W1Rw1F/EtnoSWfYM6OfchjG28NMBgdXN+kK7+7VFv"},"_chains":{"BSgN2qQhAuPLO1+Bnu1SvvTc+Rcsi869Mf/VJ6g+/aEu":{"chainKey":{"counter":0,"key":"1XZPojaS3xc3GtoQteRjpHy124WtAE1rYHb8wM/t1g0="},"chainType":1,"messageKeys":{}}},"pendingPreKey":{"signedKeyId":8526465,"baseKey":"BaMGs9V7YQ1IorI8mQcQfnUuWU9HcP6QPOJtu3ZuO4xd","preKeyId":5735}}},"version":"v1"}