{"_sessions":{"BamDYzapXdDitBDAB4rLxNBS6p0wFqek+4WM8lLuGDpR":{"registrationId":760069798,"currentRatchet":{"ephemeralKeyPair":{"pubKey":"BQtuY6tVlRp9tBfUYbkoRAJWW41ypBCakQD+cl6f551V","privKey":"uOGkfVG2aSqS68apEHYmAywY+lW9qBdL77l0G0cMg3s="},"lastRemoteEphemeralKey":"BVI48O0WqnxB5Tnoo4MeR4FV9WSBBx0oEV7bf0nfW80C","previousCounter":0,"rootKey":"HOPJt6+DWj+WYpwcWlLJf3Oo9ncwsop8sLElmi7k0Qo="},"indexInfo":{"baseKey":"BamDYzapXdDitBDAB4rLxNBS6p0wFqek+4WM8lLuGDpR","baseKeyType":2,"closed":-1,"used":1750607432242,"created":1750607432242,"remoteIdentityKey":"BQLKlLJgwCy+4pPI3XB3L/LAO1m2O6NNUBZx/cq2WdZn"},"_chains":{"BVI48O0WqnxB5Tnoo4MeR4FV9WSBBx0oEV7bf0nfW80C":{"chainKey":{"counter":0,"key":"xxSc7Q5aq7ZBlfqJYMt7wSqzdw/YKI62Jg7r6onyqUE="},"chainType":2,"messageKeys":{}},"BQtuY6tVlRp9tBfUYbkoRAJWW41ypBCakQD+cl6f551V":{"chainKey":{"counter":-1,"key":"g/2AvdzrHj4K9cDC9jTN3eiYdwdLgpUrR31/acuQzAw="},"chainType":1,"messageKeys":{}}}}},"version":"v1"}