{"_sessions":{"BUKZpvnS0gzuF0CIhACMJb8ITe1WtH1rzF64QGpVdz8q":{"registrationId":1115270091,"currentRatchet":{"ephemeralKeyPair":{"pubKey":"BZbQ37JR67b9bdONbyIWHLxuSQu6vXNNjEkwTKWwt45L","privKey":"2Pypd5uC1L8MuyBtG92wUj289Uwey83JrX72IHVnSUY="},"lastRemoteEphemeralKey":"BU3zt4UEZ+zgFHSq2k0Yjm6aQy/RuCdSdBdzAImenyVa","previousCounter":0,"rootKey":"JaF7bxnqj6Jwlpc20Ar5aKr4LLGvQnzfOOiWO+1IDv0="},"indexInfo":{"baseKey":"BUKZpvnS0gzuF0CIhACMJb8ITe1WtH1rzF64QGpVdz8q","baseKeyType":1,"closed":-1,"used":1750608416965,"created":1750608416965,"remoteIdentityKey":"BU8lhn86t34NjWhRLZ+5dphR/TdLsj1uhjufjYsrhHwP"},"_chains":{"BZbQ37JR67b9bdONbyIWHLxuSQu6vXNNjEkwTKWwt45L":{"chainKey":{"counter":0,"key":"TJNF2eMdpEEg1MHg0AwRJ1R+onYfp1IQ6pGjj6ZR7Eo="},"chainType":1,"messageKeys":{}}},"pendingPreKey":{"signedKeyId":5,"baseKey":"BUKZpvnS0gzuF0CIhACMJb8ITe1WtH1rzF64QGpVdz8q","preKeyId":6383957}}},"version":"v1"}