{"_sessions":{"BSdtPxYnSXTMMBUN3FB63m55Avc+FxQcOfERVsn5wvAN":{"registrationId":30414584,"currentRatchet":{"ephemeralKeyPair":{"pubKey":"BURE5ckXqmqrKjOTI7SLqmK0Ovfg3Vfb8T0ds3JuQ0kI","privKey":"MAyfu/G/RAZeh69yJJd4D0NpuFvvpa8JtlSmswCmyFk="},"lastRemoteEphemeralKey":"BSGrUxA2ca+SJTneWL75LYfclSMOZzyiVJYc6s2vR+km","previousCounter":0,"rootKey":"TrEp0KH3eStCMxPHAl6b+Vps2RaHD02CTEfzyvuXQBQ="},"indexInfo":{"baseKey":"BSdtPxYnSXTMMBUN3FB63m55Avc+FxQcOfERVsn5wvAN","baseKeyType":2,"closed":-1,"used":1750579375677,"created":1750579375677,"remoteIdentityKey":"Bfn8c83XrmKTyoe4vcGLcSFZl7eF+6/4OPB1lvIv+JUn"},"_chains":{"BSGrUxA2ca+SJTneWL75LYfclSMOZzyiVJYc6s2vR+km":{"chainKey":{"counter":0,"key":"1LyefWY5aMnbH9MHOor1mFHRtMC0zYi30uiORIxQNOs="},"chainType":2,"messageKeys":{}},"BURE5ckXqmqrKjOTI7SLqmK0Ovfg3Vfb8T0ds3JuQ0kI":{"chainKey":{"counter":0,"key":"tf513Y0Ie29EGWzorWmDP8IqWbEB4ZHkRZRAELR4EgI="},"chainType":1,"messageKeys":{}}}}},"version":"v1"}