{"_sessions":{"Bf6tG1madFmEs5xGBqnmkh515DwGr8FRnCzBkZzXDEtD":{"registrationId":1225162032,"currentRatchet":{"ephemeralKeyPair":{"pubKey":"BQFb6IRnCp+ChA2zzdkYMooPmm/WzKOUnL1i6XWExpIa","privKey":"SKtBwyVF/YKOOycBXeEfvgFFg1syY4ALvbfxXNitZlc="},"lastRemoteEphemeralKey":"BavvKMDiSkxWtqMtg/nt149rxPrrdqmJMsC77LfjZ6Zz","previousCounter":0,"rootKey":"lGvVR8m+0VsQHQSjBe+vPewjJDxkQ0WvXM4a6tPxiqM="},"indexInfo":{"baseKey":"Bf6tG1madFmEs5xGBqnmkh515DwGr8FRnCzBkZzXDEtD","baseKeyType":1,"closed":-1,"used":1750608415880,"created":1750608415880,"remoteIdentityKey":"BRUuQ1gdyY4YdZUuhxLUcg/JhZJIBmwoWG2h+i4lD0Jy"},"_chains":{"BQFb6IRnCp+ChA2zzdkYMooPmm/WzKOUnL1i6XWExpIa":{"chainKey":{"counter":1,"key":"Hj+jrc/0OssZO/ObSM6x5F/qz/0YZDDLshdtQYSr5D0="},"chainType":1,"messageKeys":{}}},"pendingPreKey":{"signedKeyId":2,"baseKey":"Bf6tG1madFmEs5xGBqnmkh515DwGr8FRnCzBkZzXDEtD","preKeyId":2199}}},"version":"v1"}