{"_sessions":{"BeIiuneGJVd8dbHG46F+d2lk1CEyDIWEAFcRHYQZ7aZo":{"registrationId":2090905729,"currentRatchet":{"ephemeralKeyPair":{"pubKey":"BZsECJAcOjXMDVxPPaa0ABLfpd4z5lTlcNzVSKrlADhc","privKey":"+MJdvf7bq4IcG7yHUqtkQqKDSd6N/YmznrxJp6d1nkQ="},"lastRemoteEphemeralKey":"BdNrhC8kHPZ7aZLUH9u5H7TP9iExNVdgt+PPjK9vA6xF","previousCounter":0,"rootKey":"zPIEEyG49B3fQfsM4RvSLEOVaRBGWV/XpG2UfSMTFh4="},"indexInfo":{"baseKey":"BeIiuneGJVd8dbHG46F+d2lk1CEyDIWEAFcRHYQZ7aZo","baseKeyType":2,"closed":-1,"used":1750599059759,"created":1750599059759,"remoteIdentityKey":"BZO7dHK1Y5VjkEY46lFO0M1S4c362B/llxz22D6/eRI/"},"_chains":{"BdNrhC8kHPZ7aZLUH9u5H7TP9iExNVdgt+PPjK9vA6xF":{"chainKey":{"counter":0,"key":"6Uadmz4MUkHetKM0PoyKSq0uwXqmrVli9BKiPmAK0lM="},"chainType":2,"messageKeys":{}},"BZsECJAcOjXMDVxPPaa0ABLfpd4z5lTlcNzVSKrlADhc":{"chainKey":{"counter":-1,"key":"xmU0CykrnqM2mnE7y3Ni3fQrPCbXNR1SXZ1TS1cpJvE="},"chainType":1,"messageKeys":{}}}}},"version":"v1"}