{"_sessions":{"BcMXlaf+DT8mFLBqRt1cj9i7PfI1GEZKPGkCNL4eusVj":{"registrationId":1088596738,"currentRatchet":{"ephemeralKeyPair":{"pubKey":"BcMV5mEZXgSz0AUO5KodU2o9vGdGMsIcsal7/AN/p10X","privKey":"qDNSIIq9C43fMZVXxUrSATO/wxemfRcb1OnLAvfLgWk="},"lastRemoteEphemeralKey":"BZ5aSrvgf7CKxwoU85T1uv4i02MBcLLvksbTrHAdKuQX","previousCounter":0,"rootKey":"WbYOXl/TSOajveDWx/0VJNRFGipbb1bjvE9hYkjkVMo="},"indexInfo":{"baseKey":"BcMXlaf+DT8mFLBqRt1cj9i7PfI1GEZKPGkCNL4eusVj","baseKeyType":1,"closed":-1,"used":1750608415963,"created":1750608415963,"remoteIdentityKey":"BXJ+w4gdec3zhEnz+AaRbXHGt/Dv5+k0lJsCpq0rAJNV"},"_chains":{"BcMV5mEZXgSz0AUO5KodU2o9vGdGMsIcsal7/AN/p10X":{"chainKey":{"counter":0,"key":"jGuNSFWIEvOK/wGLoMsMo0/96OkNIxGiIMcOTYIDatM="},"chainType":1,"messageKeys":{}}},"pendingPreKey":{"signedKeyId":1,"baseKey":"BcMXlaf+DT8mFLBqRt1cj9i7PfI1GEZKPGkCNL4eusVj"}}},"version":"v1"}