{"_sessions":{"Bf8GR9qihvtB+idwYkwJipCRS8AhiKnyqN+nJ8r2v00g":{"registrationId":41693032,"currentRatchet":{"ephemeralKeyPair":{"pubKey":"BajrM/xKOVi3l1/++iqY8EvfOnvix/CREpD/+5n2KrNp","privKey":"qPutrYfZTw5TVv5FaeBshBYP5jP1D3VRPsjxG6PnoXU="},"lastRemoteEphemeralKey":"BUCArxv35+WNbodnNRo8z/g3KXH4bmefgqM1G/d5ZFkq","previousCounter":0,"rootKey":"Rvc7KBZVFl4A29b/a4cvW18WMuamUhsFilNfMmjjSMQ="},"indexInfo":{"baseKey":"Bf8GR9qihvtB+idwYkwJipCRS8AhiKnyqN+nJ8r2v00g","baseKeyType":2,"closed":-1,"used":1750607690188,"created":1750607690188,"remoteIdentityKey":"BRaunyig9vUzWTg3I1TsEkU29Q3SMvVZbKQ6oU9AUhlU"},"_chains":{"BUCArxv35+WNbodnNRo8z/g3KXH4bmefgqM1G/d5ZFkq":{"chainKey":{"counter":0,"key":"+XjKcPeVIzF2tuxge/4hwHXu/vI6+HS6raFUOu8grdo="},"chainType":2,"messageKeys":{}},"BajrM/xKOVi3l1/++iqY8EvfOnvix/CREpD/+5n2KrNp":{"chainKey":{"counter":-1,"key":"iq3G6fYV/pnB6Z8bFGmlRXP4SqWUg5NXjZvVVMDNl44="},"chainType":1,"messageKeys":{}}}}},"version":"v1"}