{"_sessions":{"BQS4fpbW/8bAJLnGr9dBGcfUUOwgrWbQQjbRx3udHrQh":{"registrationId":500630790,"currentRatchet":{"ephemeralKeyPair":{"pubKey":"BcANOCHla4R/cm74PtW1FbqvYCs7LHruoix+sDTX1kQ7","privKey":"QEez2Rjf9nwi2RDOEsKUT2yE3kz/roNQeRc4c0MPe24="},"lastRemoteEphemeralKey":"BYVWCqv8OVRYriJwsCqMqrhLaChciehBSGDqfRqocN4v","previousCounter":0,"rootKey":"Ih4zLnNTVrHn8jStOIApHZ1jPO4Fdm3Kd2MR4HFlIfY="},"indexInfo":{"baseKey":"BQS4fpbW/8bAJLnGr9dBGcfUUOwgrWbQQjbRx3udHrQh","baseKeyType":2,"closed":-1,"used":1750605790086,"created":1750605790086,"remoteIdentityKey":"BXtkl6049jrF1s23F6FB6iBXAMcpWBw20dJUJmBJrBRi"},"_chains":{"BYVWCqv8OVRYriJwsCqMqrhLaChciehBSGDqfRqocN4v":{"chainKey":{"counter":0,"key":"ZVInxV2qYhCHGpiFl29mGO7I0g3tUup4tC2shMTLHZ4="},"chainType":2,"messageKeys":{}},"BcANOCHla4R/cm74PtW1FbqvYCs7LHruoix+sDTX1kQ7":{"chainKey":{"counter":-1,"key":"G/LgtQKlAMum85IP9HugTV1cXfpcxaI/9OC5LCZixN8="},"chainType":1,"messageKeys":{}}}}},"version":"v1"}