{"_sessions":{"BfK1C71/y19PmSx9spCIeOgMCausxQ4pzw5SVVnk071/":{"registrationId":1153606477,"currentRatchet":{"ephemeralKeyPair":{"pubKey":"BW4Zkb+sll/r5Mfxj9Ivje9QaMwPsbqcONs2ACCfOV1q","privKey":"EFa3cN2ptw0hlwnaDCIQQk2l7aWfMnRztdLFerisHlk="},"lastRemoteEphemeralKey":"BevI7BiAWhDQsOKRL5dHCNQP+AnQPUPFfknYbZ7u8tMo","previousCounter":0,"rootKey":"WoYH22LbKJ/Edn4ykR5obHmqc6mKjSeiMTUR3/KZOxQ="},"indexInfo":{"baseKey":"BfK1C71/y19PmSx9spCIeOgMCausxQ4pzw5SVVnk071/","baseKeyType":1,"closed":-1,"used":1750608415971,"created":1750608415971,"remoteIdentityKey":"BTQzRrmt9KriOcoKQ6RogPh63dKa3r6mckZKuFksUQEq"},"_chains":{"BW4Zkb+sll/r5Mfxj9Ivje9QaMwPsbqcONs2ACCfOV1q":{"chainKey":{"counter":0,"key":"Kf/bYb6lYCVV+NPKjce+BnbbYOzBlWvyPFOv52U2EOI="},"chainType":1,"messageKeys":{}}},"pendingPreKey":{"signedKeyId":1,"baseKey":"BfK1C71/y19PmSx9spCIeOgMCausxQ4pzw5SVVnk071/","preKeyId":694}}},"version":"v1"}