{"_sessions":{"BZCLroSHezyskMcx9aCKgYkKeEhNTBgpvUz2y/U7jEti":{"registrationId":1023025551,"currentRatchet":{"ephemeralKeyPair":{"pubKey":"BaxfaIGXqx2XJWmUigGM8DB5tHDmLxbFhl1LgFLWdShf","privKey":"iGzpTXmhH8Jvo0DpNRCkZcSvonxByOMHx8vQHFw5eGM="},"lastRemoteEphemeralKey":"BWu0OMlraF2U6tp5rSOEXIDOB51mMpuGg1L/rOQ94MJt","previousCounter":0,"rootKey":"rUUDb9ns0MpvK/3lUeK/Wv5w4MNO3tK71+9mBbSrhms="},"indexInfo":{"baseKey":"BZCLroSHezyskMcx9aCKgYkKeEhNTBgpvUz2y/U7jEti","baseKeyType":1,"closed":-1,"used":1750611136377,"created":1750611136377,"remoteIdentityKey":"BVYUC+cq/KrSmvHqN/FFmU48zYwmL+1yHiHVhlLxKNRK"},"_chains":{"BaxfaIGXqx2XJWmUigGM8DB5tHDmLxbFhl1LgFLWdShf":{"chainKey":{"counter":0,"key":"akwoLkZ9zHrmiJw5j+rAj+k3UL1hlO1WQiKrMdHW0iI="},"chainType":1,"messageKeys":{}}},"pendingPreKey":{"signedKeyId":9,"baseKey":"BZCLroSHezyskMcx9aCKgYkKeEhNTBgpvUz2y/U7jEti","preKeyId":4559922}}},"version":"v1"}