{"_sessions":{"BbT7917/qWCJRvs9X7H3gmzQoHqX7DF6hQtBWlA3Kd5z":{"registrationId":1716264863,"currentRatchet":{"ephemeralKeyPair":{"pubKey":"BZClGCCCVJwQn+Y7fSRZv1+dhvwGhjPtN3IlPKoxB2Rr","privKey":"aBo6g6nHbUNTGDT3J4Yh/k1KewS4Zt+monkJztezj0E="},"lastRemoteEphemeralKey":"BQJEJtlKJoFf1XSMrVfKKeoEtHQ/GmpgIS/6L3XoQR1M","previousCounter":0,"rootKey":"N25Dd31j610IOA6OlId//p1Wf/YXx+p/48/YTJKmiKQ="},"indexInfo":{"baseKey":"BbT7917/qWCJRvs9X7H3gmzQoHqX7DF6hQtBWlA3Kd5z","baseKeyType":2,"closed":-1,"used":1750582170414,"created":1750582170414,"remoteIdentityKey":"BTzCFXSo53BgOZA/z3woAXONG0b1uvel8D7Z+EH2tHUO"},"_chains":{"BQJEJtlKJoFf1XSMrVfKKeoEtHQ/GmpgIS/6L3XoQR1M":{"chainKey":{"counter":0,"key":"1qHsHXSvikkfUnCuSC4IUXaskIoq4NMgzBw6U+qYKzg="},"chainType":2,"messageKeys":{}},"BZClGCCCVJwQn+Y7fSRZv1+dhvwGhjPtN3IlPKoxB2Rr":{"chainKey":{"counter":0,"key":"pJjdfnSheoZlykEQhTTDspSCbilnHpv8UYCQIKboR28="},"chainType":1,"messageKeys":{}}}}},"version":"v1"}