{"_sessions":{"BTV3/u79kZuIPTD4Z1m999v3CiN0D1TszqivPLKL7PpQ":{"registrationId":105211555,"currentRatchet":{"ephemeralKeyPair":{"pubKey":"BR3UTpg7w3bMNkNqhFu142sfO8OKoOdKHfdx5jnQ4qp9","privKey":"iIHoTIagFfqqkccR1D9lHXar0UN5T+UXJIeaUPEQ1l8="},"lastRemoteEphemeralKey":"BfKfdp1bgdVhDjQ33A91ffvF3Xt7ncfYKB/QyCn/xEZ/","previousCounter":0,"rootKey":"xtp3/yywsN/7OgkOJrdhm94LGCOYGRv95Sm0Mvh+MkE="},"indexInfo":{"baseKey":"BTV3/u79kZuIPTD4Z1m999v3CiN0D1TszqivPLKL7PpQ","baseKeyType":2,"closed":-1,"used":1750622881105,"created":1750587504533,"remoteIdentityKey":"BdpH0o5LcYWMaS5LJQ51/rSBnkhgp23CY+gSjVGeXk0h"},"_chains":{"BfaCl3HaUf8f2Jtf/sSBLA/epOBioqCscvQ/RLqOCxB7":{"chainKey":{"counter":0},"chainType":2,"messageKeys":{}},"BfKfdp1bgdVhDjQ33A91ffvF3Xt7ncfYKB/QyCn/xEZ/":{"chainKey":{"counter":0,"key":"c26MewM4zYTyTi7CTmgFEXmh1f9Levvyo7CFCAZ3A+A="},"chainType":2,"messageKeys":{}},"BR3UTpg7w3bMNkNqhFu142sfO8OKoOdKHfdx5jnQ4qp9":{"chainKey":{"counter":-1,"key":"0zOM+JNy+JNMNjqapT7Z+UgvO3SoRBeWag+F8pBmiEA="},"chainType":1,"messageKeys":{}}}}},"version":"v1"}