{"_sessions":{"BdHJOAI4VXjOgUzTCzx6zFcqVdh4NWsWfkQ1gVeKaooY":{"registrationId":375261919,"currentRatchet":{"ephemeralKeyPair":{"pubKey":"BUsnerOGxJ2yUJ8cENlVWnupLYVQwJWbg/6NJylfl1NQ","privKey":"0ICz+t+zVjTQ3ZcimO2PHp25ySZFbaVPsu8I/w6pt34="},"lastRemoteEphemeralKey":"BVd7c5UR6HR1iy+YrZKO95sZRfv8cg574gxN1q8yt9Ng","previousCounter":0,"rootKey":"/O0n5yHBdcM4Ljmepmr4QbEp/FkW2y+BC5ULXRSajr0="},"indexInfo":{"baseKey":"BdHJOAI4VXjOgUzTCzx6zFcqVdh4NWsWfkQ1gVeKaooY","baseKeyType":1,"closed":-1,"used":1750608417071,"created":1750608417071,"remoteIdentityKey":"BSJ+0A8yWDky3X6FFgQMVFxsCtIDui1M5LvC2iClf1du"},"_chains":{"BUsnerOGxJ2yUJ8cENlVWnupLYVQwJWbg/6NJylfl1NQ":{"chainKey":{"counter":0,"key":"GnOXHqOPMSoF2Ar4ylT8Ehb/qC4UOOIsePGTCSy4Cww="},"chainType":1,"messageKeys":{}}},"pendingPreKey":{"signedKeyId":3,"baseKey":"BdHJOAI4VXjOgUzTCzx6zFcqVdh4NWsWfkQ1gVeKaooY","preKeyId":13044005}}},"version":"v1"}