{"_sessions":{"Baq+gv4z1E9e3e/SXXuEhOW6xUPIR7QHYGochEJdio1F":{"registrationId":1098097928,"currentRatchet":{"ephemeralKeyPair":{"pubKey":"Bcxm7nkgGZfIR1idal3O/YEj8HZTxqvaiXHc6dfKGAU+","privKey":"CH4C7oQGf6AgE+EGxmtaCHVfKcZMMdOeuSmCR6wzkX0="},"lastRemoteEphemeralKey":"BUahveKzkt+wEyagvtf9IGkMWSvme6nwQV7ir2JoTXdD","previousCounter":0,"rootKey":"33wYvDWP6Gyjxk2z1HtCi84iOW2VcUcsGHtXYmjizlM="},"indexInfo":{"baseKey":"Baq+gv4z1E9e3e/SXXuEhOW6xUPIR7QHYGochEJdio1F","baseKeyType":2,"closed":-1,"used":1750617097478,"created":1750617097478,"remoteIdentityKey":"Bd1wJgTCpzcsfVODzHxbbzqZSI1wYzAE8vaaZCJc4jdf"},"_chains":{"BUahveKzkt+wEyagvtf9IGkMWSvme6nwQV7ir2JoTXdD":{"chainKey":{"counter":0,"key":"XdcVsESUohSjd8M1wawSfc2pc5kovCoY4N0q1+rVPMU="},"chainType":2,"messageKeys":{}},"Bcxm7nkgGZfIR1idal3O/YEj8HZTxqvaiXHc6dfKGAU+":{"chainKey":{"counter":-1,"key":"q9k+JNCMdq1G/77i5mBFt1/Lsdfak0sYJSlY3sNwTjc="},"chainType":1,"messageKeys":{}}}}},"version":"v1"}