{"_sessions":{"BeK8TfeX+TlLEUBsz3xHvAeI5LVB/kf3IYUD90XoZSwP":{"registrationId":1473648637,"currentRatchet":{"ephemeralKeyPair":{"pubKey":"Bdny/zuGST1i5P+Jb4bawAV6uer6kdlvA5XRdj2aGYNC","privKey":"WDrMti4KKGCHds+0vWhA7MaDUolh6rykJ65LJfoELmU="},"lastRemoteEphemeralKey":"BWhOVADkBRzd8TLy+79ZdZdNB2FZKZ46lbuUTuMFbmIo","previousCounter":0,"rootKey":"EPK5fk7zZB7w9Y4YkdD4Xjm36Y6qQQ+Y02XS2Tb88+o="},"indexInfo":{"baseKey":"BeK8TfeX+TlLEUBsz3xHvAeI5LVB/kf3IYUD90XoZSwP","baseKeyType":2,"closed":-1,"used":1750605731752,"created":1750605731752,"remoteIdentityKey":"BQb7eN2gNzzGb7Bivb8BmBBnGmWF74GAYNAGuTB/3qlF"},"_chains":{"BWhOVADkBRzd8TLy+79ZdZdNB2FZKZ46lbuUTuMFbmIo":{"chainKey":{"counter":0,"key":"bCwfVXLs/x+/jM2FxbkVhZ0ZCydEzWBvIPEsiUxq6Ak="},"chainType":2,"messageKeys":{}},"Bdny/zuGST1i5P+Jb4bawAV6uer6kdlvA5XRdj2aGYNC":{"chainKey":{"counter":-1,"key":"wnse0DfzTBvIfaSdkI109LMjVKOOWAG9rFkFBaeuyi4="},"chainType":1,"messageKeys":{}}}}},"version":"v1"}