{"_sessions":{"Be5SAJ9Wb8mUJu/7WMBzwFczqJ5jdYhIRBcJFDP0V0oV":{"registrationId":729200577,"currentRatchet":{"ephemeralKeyPair":{"pubKey":"BaG0cxRkZRu1Rf3qgjXHdeAlFqusrAIAgOJQdIWqlclT","privKey":"yI772SaZZZxADhyGbmSLQIFAML0En21A6OoN6fQBPWU="},"lastRemoteEphemeralKey":"BQmlLfSeP5zBbyF9C3PgibRLMV/OPBJmyYXcDByRO/Mm","previousCounter":0,"rootKey":"oA1E9zUgrQBg+7Rp2diOb6D/eBLU2vdo2M9XXXGs7Og="},"indexInfo":{"baseKey":"Be5SAJ9Wb8mUJu/7WMBzwFczqJ5jdYhIRBcJFDP0V0oV","baseKeyType":2,"closed":-1,"used":1750614064764,"created":1750614064764,"remoteIdentityKey":"BaRWGcwAa1sQoPrWyjmPygdmZ30ASI9S+9uA3shx6FEx"},"_chains":{"BQmlLfSeP5zBbyF9C3PgibRLMV/OPBJmyYXcDByRO/Mm":{"chainKey":{"counter":0,"key":"QT64yEjA5EtL69i2UrGqGR9T+G2ilHfxqDQAbSZODXk="},"chainType":2,"messageKeys":{}},"BaG0cxRkZRu1Rf3qgjXHdeAlFqusrAIAgOJQdIWqlclT":{"chainKey":{"counter":-1,"key":"gleQ4IG3hp/iPnE9y8lLEGJa/xS52X6KOzhYp3e/fVI="},"chainType":1,"messageKeys":{}}}}},"version":"v1"}