{"_sessions":{"BRZ5YB9vZUNheoCyZbb2aXgXPOFBjMd/4GVofxhSwol/":{"registrationId":1055933086,"currentRatchet":{"ephemeralKeyPair":{"pubKey":"Bfmc1NkezDLDNVbnmqsOhDIZ1B07nrAHJFUNlbKOrmQj","privKey":"4DCJuLlvT+PXo8CLqV/mL49LD2So2tQicwt8aMMm9VY="},"lastRemoteEphemeralKey":"BeI1uuKy4saUx+IEKb8Xq9Y0MMXZo3sT0RicBcUAoKkm","previousCounter":0,"rootKey":"JgaRQRBVypky+g8elV8ZbPX2z4r0orX0ktRHZAwbVAM="},"indexInfo":{"baseKey":"BRZ5YB9vZUNheoCyZbb2aXgXPOFBjMd/4GVofxhSwol/","baseKeyType":2,"closed":-1,"used":1750589928063,"created":1750589928063,"remoteIdentityKey":"BXHC+GnH+fl1AsHDrx55NfN93ZGJ3pvPTRquKvNq5s50"},"_chains":{"BeI1uuKy4saUx+IEKb8Xq9Y0MMXZo3sT0RicBcUAoKkm":{"chainKey":{"counter":0,"key":"bQzF9HLs+AuId2lMDUIZGQNDaNwpzv+KN/gGJGXndHQ="},"chainType":2,"messageKeys":{}},"Bfmc1NkezDLDNVbnmqsOhDIZ1B07nrAHJFUNlbKOrmQj":{"chainKey":{"counter":-1,"key":"CyjmNrAhQG2XizLHYAKNcCk8b8Akd2+DSawlRVyyuWQ="},"chainType":1,"messageKeys":{}}}}},"version":"v1"}