{"_sessions":{"BSdirFh+HWZKuYXykIK9N4za4DYHu/dc1CPCJf+lemZq":{"registrationId":1163398266,"currentRatchet":{"ephemeralKeyPair":{"pubKey":"Bcjk9qynTAVwFlUxK+WJFwYgHjEatQR/R1x8sPKaoW5n","privKey":"GFjsfyf9vu+U48hkn0GUfb7MLar5+h77u0M9xS61EmU="},"lastRemoteEphemeralKey":"BT2BJyZfhB94KUkVkyz0oyOJTcfX6Z9DjNEABICXYS9Y","previousCounter":0,"rootKey":"O/kkLhsmkEnDSAszK8XRJ5kj8GzFtn6QaQ7z94jEJtI="},"indexInfo":{"baseKey":"BSdirFh+HWZKuYXykIK9N4za4DYHu/dc1CPCJf+lemZq","baseKeyType":2,"closed":-1,"used":1750599540951,"created":1750599540951,"remoteIdentityKey":"BbBcTP8b8yDfA2pGk7aiOb1hGnEsokzx138P8F+21MUV"},"_chains":{"BT2BJyZfhB94KUkVkyz0oyOJTcfX6Z9DjNEABICXYS9Y":{"chainKey":{"counter":0,"key":"6Zd1tUbyj4m1VWeOwfLspNxljO5uTz81bCLhqfU/jKE="},"chainType":2,"messageKeys":{}},"Bcjk9qynTAVwFlUxK+WJFwYgHjEatQR/R1x8sPKaoW5n":{"chainKey":{"counter":-1,"key":"+wDXSZ+k2wLRdAUKeMrTCuQp1BtOjSVILkrgxQSWU5I="},"chainType":1,"messageKeys":{}}}}},"version":"v1"}