{"_sessions":{"Bc3vnV6BxVJKWLx7w3JoCvT2gwHPWy5y38oMa51b9xgM":{"registrationId":59060179,"currentRatchet":{"ephemeralKeyPair":{"pubKey":"BeuUDU1m2OtxhkCnLyTEvNjQpqJ8nqMdUMEYElCp/Z5H","privKey":"8Ki4r3AAZTEnwaNUHcsLVne00DHQjaE2B3zTNt2bdF8="},"lastRemoteEphemeralKey":"Bd/UhpU+DSrkEghg6wM5wy6I5X/25z6WC9fHokt4KmBG","previousCounter":0,"rootKey":"JYDvDaNeucmINtPIR+aEcJt2hZ7jPIjsVXOlWU9WSJ0="},"indexInfo":{"baseKey":"Bc3vnV6BxVJKWLx7w3JoCvT2gwHPWy5y38oMa51b9xgM","baseKeyType":1,"closed":-1,"used":1750610992278,"created":1750610992278,"remoteIdentityKey":"BUi+yQYhY7C6pcAnCB01JjPyqJkVsaQVWBvd26oqwWw+"},"_chains":{"BeuUDU1m2OtxhkCnLyTEvNjQpqJ8nqMdUMEYElCp/Z5H":{"chainKey":{"counter":0,"key":"wcfhDA4zS+8B4aUXo7cqU8DoG3/Jek4vpWuw4Fkjwc8="},"chainType":1,"messageKeys":{}}},"pendingPreKey":{"signedKeyId":1,"baseKey":"Bc3vnV6BxVJKWLx7w3JoCvT2gwHPWy5y38oMa51b9xgM","preKeyId":1654}}},"version":"v1"}