{"_sessions":{"BQQPdjdpzX3MAxC12MU091yExS53y8Kf+BMH7B7I454Y":{"registrationId":178439762,"currentRatchet":{"ephemeralKeyPair":{"pubKey":"BeW9KYJG073DrlX029GvGSe/AlAHFzhbwb9eNAyEisha","privKey":"sNP3E/JcjgGhDFk9AneTuDBJWUsDA838i6Wf6GdTG34="},"lastRemoteEphemeralKey":"Ba0Rk7P4WbEunfknu1MAVkzXx8Atk4L549JW4XbP7FhH","previousCounter":0,"rootKey":"PXNM9+Jb+W8OQOOSLf50wPVETLbGWDKuHIg7F2ru+yE="},"indexInfo":{"baseKey":"BQQPdjdpzX3MAxC12MU091yExS53y8Kf+BMH7B7I454Y","baseKeyType":2,"closed":-1,"used":1750585792674,"created":1750585792674,"remoteIdentityKey":"BcNMPkzAtMBLwijCk717RphVO/nZWRFh7x3LFQhrC6AG"},"_chains":{"Ba0Rk7P4WbEunfknu1MAVkzXx8Atk4L549JW4XbP7FhH":{"chainKey":{"counter":0,"key":"4Wpg+JVVzRy4u563drFjxIl4Wy3CevrMZNNKQpmoauM="},"chainType":2,"messageKeys":{}},"BeW9KYJG073DrlX029GvGSe/AlAHFzhbwb9eNAyEisha":{"chainKey":{"counter":0,"key":"X792WL8R6uR4Lj8OtxG3eJCfWkruVAgsfiGQG2yj7Dc="},"chainType":1,"messageKeys":{}}}}},"version":"v1"}