{"_sessions":{"BboMDrez6HRI6rBajUKMfDoo0vW0XHcZ0UNbACExhJxx":{"registrationId":28481779,"currentRatchet":{"ephemeralKeyPair":{"pubKey":"BSxmSWJKm49G70e47pNe+/KApN7sP8AflywbjsZrI4It","privKey":"WC5/jyA/eNpgBmouPQHSuLUm9dtGtNUjcZiyf5j7nF8="},"lastRemoteEphemeralKey":"BaJhIDOARhK62QEi4UoCjn5IXjnychYCYGERs7T1vflQ","previousCounter":0,"rootKey":"a2rc3BK8AduSdKARBHj9F5KAC8Z9EDqnSL7+4nlsIqw="},"indexInfo":{"baseKey":"BboMDrez6HRI6rBajUKMfDoo0vW0XHcZ0UNbACExhJxx","baseKeyType":2,"closed":-1,"used":1750578808669,"created":1750578808669,"remoteIdentityKey":"BfQUB4o+A+baCke9PcizFQLcPCpqxJBoPjU9IG6yFbgD"},"_chains":{"BaJhIDOARhK62QEi4UoCjn5IXjnychYCYGERs7T1vflQ":{"chainKey":{"counter":0,"key":"TJO9LcfILu+ldlo38UigS+eGAEqA0s0slf61I/oosjI="},"chainType":2,"messageKeys":{}},"BSxmSWJKm49G70e47pNe+/KApN7sP8AflywbjsZrI4It":{"chainKey":{"counter":-1,"key":"ZEw5WU+L6BfWUirzHa7NDL/ZILUt6704dVjqgYsrZhU="},"chainType":1,"messageKeys":{}}}}},"version":"v1"}