{"_sessions":{"BQiJamqGXESRcz6g37KZ4/T3aSvS+hkuhog4LckubShv":{"registrationId":348926447,"currentRatchet":{"ephemeralKeyPair":{"pubKey":"BUcWVT2+yXCVREjIaH+DLDMFp6yWEVW/fkj35/dMvnMv","privKey":"EGdgix4pM6C/zfHg3sxd2429H2Y++0GjKCCIY6Fsb1o="},"lastRemoteEphemeralKey":"BZ9Mf1oWrknAThRwmmESapklNMV92oh1aXGKLbM2mkxB","previousCounter":0,"rootKey":"7qmKAQVSVwjSzZjYXWAni7drsthU3vQYgu05cv1noiY="},"indexInfo":{"baseKey":"BQiJamqGXESRcz6g37KZ4/T3aSvS+hkuhog4LckubShv","baseKeyType":2,"closed":-1,"used":1750602654649,"created":1750602654649,"remoteIdentityKey":"BeZMMpzevidIkQimNePyu+3l3GEGDHc++mCVIIwqH5gc"},"_chains":{"BZ9Mf1oWrknAThRwmmESapklNMV92oh1aXGKLbM2mkxB":{"chainKey":{"counter":0,"key":"+2AjodVymebMKJaMyJkxmhoxA3onSqHHrFluX8Glzgg="},"chainType":2,"messageKeys":{}},"BUcWVT2+yXCVREjIaH+DLDMFp6yWEVW/fkj35/dMvnMv":{"chainKey":{"counter":-1,"key":"sytIEnOVLitRpZDhgeI2eoswaGNgI2y3jbo3qdeMMvo="},"chainType":1,"messageKeys":{}}}}},"version":"v1"}