{"_sessions":{"BVspiSdpQfOX+2vUxyYtIgUJRGcLRovqmX8+sj+hivRe":{"registrationId":892142427,"currentRatchet":{"ephemeralKeyPair":{"pubKey":"BfgNmewNVDcnBT+CQdotYyMbADa9zcCcXkPuYx7LmSlj","privKey":"IG3cLk4HnGVWxYG4qwSBalRfJ7o/M8WCjfhwn1fPmWw="},"lastRemoteEphemeralKey":"BX4iYZVmnDY/deo4lunPWkrbGqK7SzD/3POH9y0l8A8L","previousCounter":0,"rootKey":"bywQ8kdAoXgiqxWdcql55hVBomQRF1biJPM7zZ2O5xg="},"indexInfo":{"baseKey":"BVspiSdpQfOX+2vUxyYtIgUJRGcLRovqmX8+sj+hivRe","baseKeyType":2,"closed":-1,"used":1750606796066,"created":1750606796066,"remoteIdentityKey":"BQrukQoQaxde5IVf9doaIxsnU7/MODoi9qiGrDkLN8UJ"},"_chains":{"BX4iYZVmnDY/deo4lunPWkrbGqK7SzD/3POH9y0l8A8L":{"chainKey":{"counter":0,"key":"b+RDY/uTMUHTWIMP2oq3mRF1MmAQc/vRIYJfT9/nVy0="},"chainType":2,"messageKeys":{}},"BfgNmewNVDcnBT+CQdotYyMbADa9zcCcXkPuYx7LmSlj":{"chainKey":{"counter":-1,"key":"dTMTBtf9/iIvKuTMSGsDtxozXU7lEZr50tR9gMQwajA="},"chainType":1,"messageKeys":{}}}}},"version":"v1"}