{"_sessions":{"BX401+QQEcEWG4Bd8xbtDQvp5YFjiLLVNUmWcsMFCY4G":{"registrationId":315647288,"currentRatchet":{"ephemeralKeyPair":{"pubKey":"BXxYRAnXOnsCYtWHaJ6giRKcjK8+LeWWYl1Aw6HyZVtE","privKey":"kGHCLCnJlJl7K7w6ECP1X00o7pw+fkUTfXAymZFuqlk="},"lastRemoteEphemeralKey":"BUqW+OBJ8j2KWy8t8ME/pYMmSm4qSMMR1/wPsLKIbCMY","previousCounter":0,"rootKey":"sYBALFpNJL0uCsbYqPizhCcKbuetTxt7tVBCdLCXYc8="},"indexInfo":{"baseKey":"BX401+QQEcEWG4Bd8xbtDQvp5YFjiLLVNUmWcsMFCY4G","baseKeyType":1,"closed":-1,"used":1750608416359,"created":1750608416359,"remoteIdentityKey":"BWetnu/G3vHUCppzjIqrSx3fVM2oLy65R1icQByXnvwx"},"_chains":{"BXxYRAnXOnsCYtWHaJ6giRKcjK8+LeWWYl1Aw6HyZVtE":{"chainKey":{"counter":0,"key":"Fn8/ESlupjR5akg3mfJKz2+maWve0lfjJPSZOkHCGQU="},"chainType":1,"messageKeys":{}}},"pendingPreKey":{"signedKeyId":23,"baseKey":"BX401+QQEcEWG4Bd8xbtDQvp5YFjiLLVNUmWcsMFCY4G","preKeyId":8444802}}},"version":"v1"}