{"_sessions":{"BQCjknCRwZ/WG+r+al18qRep9alTKfyQSot7Pfzp0C4s":{"registrationId":799770870,"currentRatchet":{"ephemeralKeyPair":{"pubKey":"BYZCs5sUVwxkMjvsKS9wTYyXdXRlBnH5Xh16Nx+YOE1i","privKey":"uIt1W4PjsI811DrvdGLTv2sFzooRmUKihxyUmgZ2/lM="},"lastRemoteEphemeralKey":"BVJZQ2R9n6NaRWfgmu79PcRDhCDZrU8SCpcK/v0Av0c2","previousCounter":0,"rootKey":"t/JtpiHYzpfQIx2lMYAJx6NpggmhDu2+PmBJrI7HquE="},"indexInfo":{"baseKey":"BQCjknCRwZ/WG+r+al18qRep9alTKfyQSot7Pfzp0C4s","baseKeyType":1,"closed":-1,"used":1750608416585,"created":1750608416585,"remoteIdentityKey":"BemDZ0YrJrWQhEFAjZ2VySHMjEZqsMc7093JUH16H8Zq"},"_chains":{"BYZCs5sUVwxkMjvsKS9wTYyXdXRlBnH5Xh16Nx+YOE1i":{"chainKey":{"counter":0,"key":"EgLU5/fnQQRwtclr4WLJTwMZ6xGb3J0Ty1SJfHKxfkI="},"chainType":1,"messageKeys":{}}},"pendingPreKey":{"signedKeyId":2917855,"baseKey":"BQCjknCRwZ/WG+r+al18qRep9alTKfyQSot7Pfzp0C4s","preKeyId":12051}}},"version":"v1"}