{"_sessions":{"BX7RThU2+/PCGZ41LnMsU4oK5xYotvXZmM1l8NlYm7dR":{"registrationId":815235754,"currentRatchet":{"ephemeralKeyPair":{"pubKey":"Bb3RsFCnG6rwu1XGG6b11l34cXTxYYdt/tAsVIxq3J09","privKey":"YJ0f1dHgULByclNBmYt1ZsQw6/sn3h94DkfBEmYb7GE="},"lastRemoteEphemeralKey":"Ba4GqcjMM5JqK0Lq3Y9w6nL1eA//YahF3EcpQqW1D1Qq","previousCounter":0,"rootKey":"mfmSXYZM38+jMJU4z+NkgZVDqf2X9CgVGAIb9HDvsWw="},"indexInfo":{"baseKey":"BX7RThU2+/PCGZ41LnMsU4oK5xYotvXZmM1l8NlYm7dR","baseKeyType":1,"closed":-1,"used":1750610992864,"created":1750610992864,"remoteIdentityKey":"Ba51xCbuStHQK2VG7kLpKdvBIAQbMDJIr3EplOzgzGkG"},"_chains":{"Bb3RsFCnG6rwu1XGG6b11l34cXTxYYdt/tAsVIxq3J09":{"chainKey":{"counter":0,"key":"JSN2dU4C48GJxicMB7PVacqnhuGNET62qKUELuWpA+8="},"chainType":1,"messageKeys":{}}},"pendingPreKey":{"signedKeyId":6,"baseKey":"BX7RThU2+/PCGZ41LnMsU4oK5xYotvXZmM1l8NlYm7dR","preKeyId":8615545}}},"version":"v1"}