{"_sessions":{"BSaRkDfT8fIhiAGW3Ml3tsaQEkkfrjIm5J1m/20e78V3":{"registrationId":960651478,"currentRatchet":{"ephemeralKeyPair":{"pubKey":"BeySbAZcBb4sudDItsGnt5TjB2wxjqZEF8cKL9HUaYcw","privKey":"CFHiILNV0fK97OqLPg6Y6LP8Q40bXd2xjd0U1+2TyXI="},"lastRemoteEphemeralKey":"BTzXecqLJevtzPDfnjYwKNcJBs+G4gIgbnXKCCNuQMF2","previousCounter":0,"rootKey":"KZRkvWJNjbDgpgi1rq9CGSaLUWw6U5X0lAHcnr2ga7o="},"indexInfo":{"baseKey":"BSaRkDfT8fIhiAGW3Ml3tsaQEkkfrjIm5J1m/20e78V3","baseKeyType":2,"closed":-1,"used":1750622410965,"created":1750622410965,"remoteIdentityKey":"BYT2vKqD+MLff+lx94XF9GzzC+g+Iv0O5NHe1kZeOnNY"},"_chains":{"BTzXecqLJevtzPDfnjYwKNcJBs+G4gIgbnXKCCNuQMF2":{"chainKey":{"counter":0,"key":"4qXzAEZcfYDd8QaZHLUMe+DLJta6G+ZF2n3FhRsYRHM="},"chainType":2,"messageKeys":{}},"BeySbAZcBb4sudDItsGnt5TjB2wxjqZEF8cKL9HUaYcw":{"chainKey":{"counter":-1,"key":"JQOhfcWXa2u9gv0O9+0xi4ieklWRWlXoYprmIrq40kw="},"chainType":1,"messageKeys":{}}}}},"version":"v1"}