{"_sessions":{"BfhgVyzAFg7rjUVd5YHYgw2DE43tR9H3ztPbRPOWxycy":{"registrationId":215910831,"currentRatchet":{"ephemeralKeyPair":{"pubKey":"BQZnBcw75WG6ZMbfYSBaaZgvma7JowxhMKPnxOtZxm8T","privKey":"ePWJ9xgrza/rM9KRpKTL1ZH1l2FFCFyuWkWAIp3IH38="},"lastRemoteEphemeralKey":"BSlcAOPVUP3fIsEw/sE0mkkcdwQ7siBlg8N1XiNYXTxM","previousCounter":0,"rootKey":"Og0lE1aEUjttj6mphPlOcK5x/mGlYSHGxJGKdDCgYNo="},"indexInfo":{"baseKey":"BfhgVyzAFg7rjUVd5YHYgw2DE43tR9H3ztPbRPOWxycy","baseKeyType":1,"closed":-1,"used":1750610992760,"created":1750610992760,"remoteIdentityKey":"BXPvd2GFztjBW8X5xy5RdfGNgZhX5QWzSud3n2PKt7lt"},"_chains":{"BQZnBcw75WG6ZMbfYSBaaZgvma7JowxhMKPnxOtZxm8T":{"chainKey":{"counter":0,"key":"4/Ay6156e+KpHJk0eG2fgyVIq1/GUd0GujCv/STWFt4="},"chainType":1,"messageKeys":{}}},"pendingPreKey":{"signedKeyId":9,"baseKey":"BfhgVyzAFg7rjUVd5YHYgw2DE43tR9H3ztPbRPOWxycy","preKeyId":13934869}}},"version":"v1"}