{"_sessions":{"BXy53rb/erBB/wc8NlffbkbETJ9r90rc7T4IfP8ct0c5":{"registrationId":708684493,"currentRatchet":{"ephemeralKeyPair":{"pubKey":"BVBeTLIpS4aGLcd8IZ2hyBk3dll7MSl5Cy0T1z5Kd+Q6","privKey":"mFNSlrVl06lNvjhe2cWW9ssYH+h5b522MehZa9utk00="},"lastRemoteEphemeralKey":"BUCh9H5zsWWsrkY7lExYESOTa46MoCCwKaicjKQnaO8R","previousCounter":0,"rootKey":"ah32OE54gOssrkNnm/yDYHvVw9+524qo7fyGlr3h1/8="},"indexInfo":{"baseKey":"BXy53rb/erBB/wc8NlffbkbETJ9r90rc7T4IfP8ct0c5","baseKeyType":1,"closed":-1,"used":1750608416565,"created":1750608416565,"remoteIdentityKey":"BeUzI9AXm86NgiafSPkcmeqNYv2CuJvkzYwEd5YrNzJ4"},"_chains":{"BVBeTLIpS4aGLcd8IZ2hyBk3dll7MSl5Cy0T1z5Kd+Q6":{"chainKey":{"counter":0,"key":"D2hRwYBZuq+6gac4gQEPV2kHi4sNU9yavZqE0f1mYP8="},"chainType":1,"messageKeys":{}}},"pendingPreKey":{"signedKeyId":32,"baseKey":"BXy53rb/erBB/wc8NlffbkbETJ9r90rc7T4IfP8ct0c5","preKeyId":8012642}}},"version":"v1"}