{"_sessions":{"BWciCIlC/wbXYYr6MNXWb9ptZtVUpU8Vj92iVK+yipEA":{"registrationId":433788830,"currentRatchet":{"ephemeralKeyPair":{"pubKey":"BS7HSESL5DiHX/YG3m/029NxCknBB7u2C7f3kd6xQM0W","privKey":"SJLEmBnh4ik6qysS9DqYTuO7jSBJ73yf12nDVwyKqX8="},"lastRemoteEphemeralKey":"BatqBeJjebnnW2yAxoRt/xQS3vJtjcWCfbdlwkVOYVY6","previousCounter":0,"rootKey":"redSg9mTIoflwS3qsh8SbaFgYl15c2/qTmESTAYuXRA="},"indexInfo":{"baseKey":"BWciCIlC/wbXYYr6MNXWb9ptZtVUpU8Vj92iVK+yipEA","baseKeyType":2,"closed":-1,"used":1750593061822,"created":1750593061822,"remoteIdentityKey":"Bdm15+psqH7FbGr7lbWnixdswYM9FnHa3/vIGaryJ6cS"},"_chains":{"BatqBeJjebnnW2yAxoRt/xQS3vJtjcWCfbdlwkVOYVY6":{"chainKey":{"counter":0,"key":"9Gcc9ai+9NWgARlL7zgCqXAE0DBfeDV/h/NCUDUXEEU="},"chainType":2,"messageKeys":{}},"BS7HSESL5DiHX/YG3m/029NxCknBB7u2C7f3kd6xQM0W":{"chainKey":{"counter":-1,"key":"SdJ6WH8+z5ShxeElbvO3U37QxFoP3vd1AkheOb13UKg="},"chainType":1,"messageKeys":{}}}}},"version":"v1"}