{"_sessions":{"BXz8NyNEdXcN7VB6YABbMj5i9Ui61kQTS87qL1WFb2UK":{"registrationId":1321984622,"currentRatchet":{"ephemeralKeyPair":{"pubKey":"BYtGlwzW/0bx2UiNWruzbT9jYniFGoAFOD/ymSfDqL9j","privKey":"yMuDFjx58TzIyOyrMQ+IAxphHml0xFSxq9RAodxPi2g="},"lastRemoteEphemeralKey":"BQsX+BZTqngiMfPXSnHf1nicPw4IwP9zdwBSGpQYfZxd","previousCounter":0,"rootKey":"dot2nd7tWCluhimcj+WQ1uRrw92tmD+UjtqNGT8B6QY="},"indexInfo":{"baseKey":"BXz8NyNEdXcN7VB6YABbMj5i9Ui61kQTS87qL1WFb2UK","baseKeyType":1,"closed":-1,"used":1750610992776,"created":1750610992776,"remoteIdentityKey":"BXZKD9BDxwnNEZ1CYiXSNqEdluNVJcxMYT+oa/nxerkx"},"_chains":{"BYtGlwzW/0bx2UiNWruzbT9jYniFGoAFOD/ymSfDqL9j":{"chainKey":{"counter":0,"key":"GbU84c6YHi4oU12O1dK5yacnrza+DKn3ksfIFeUN80o="},"chainType":1,"messageKeys":{}}},"pendingPreKey":{"signedKeyId":7,"baseKey":"BXz8NyNEdXcN7VB6YABbMj5i9Ui61kQTS87qL1WFb2UK","preKeyId":3330056}}},"version":"v1"}