{"_sessions":{"BchKZeBx3xEveo420Gay5aiTWlTpDHqMrQbhXq7fdmF8":{"registrationId":547646645,"currentRatchet":{"ephemeralKeyPair":{"pubKey":"BQbfj716XfFmvirQB/40RqbP4p33FhC7aP91VUvMdtIo","privKey":"AOofdI51+yANm9nkDghep/LmvQT9kh3rIlhsrI5lkW4="},"lastRemoteEphemeralKey":"BYKtbrJpS842mX0UCksOBNBZG1V8aJNHGiYigtANu2ck","previousCounter":0,"rootKey":"Dq01tzZTZr8ryUynsVZny3t2+C0McNXYNLaQkCRfBgg="},"indexInfo":{"baseKey":"BchKZeBx3xEveo420Gay5aiTWlTpDHqMrQbhXq7fdmF8","baseKeyType":1,"closed":-1,"used":1750608416865,"created":1750608416865,"remoteIdentityKey":"BQsXD3IrgriRuSLKOXgcvRuNaixlNU+3g04paIL266cg"},"_chains":{"BQbfj716XfFmvirQB/40RqbP4p33FhC7aP91VUvMdtIo":{"chainKey":{"counter":0,"key":"9isFDtAYuISG6gQ4xtdzb/O74xZrjEzOEyEf5KifPSA="},"chainType":1,"messageKeys":{}}},"pendingPreKey":{"signedKeyId":23,"baseKey":"BchKZeBx3xEveo420Gay5aiTWlTpDHqMrQbhXq7fdmF8","preKeyId":14131734}}},"version":"v1"}