{"_sessions":{"BSEpsaosqW6evUv7JeCybiAxjyUmrGusIqGkhnV4PQ1m":{"registrationId":1744137889,"currentRatchet":{"ephemeralKeyPair":{"pubKey":"BRxsGLX+0IKYlCFXWPstAZ5b3mvSdQjgen4ZfS8e7jFK","privKey":"4FQGqX5A9jGfNgibKpwEnhAi6AfnjTxdfsqHUbwpHFU="},"lastRemoteEphemeralKey":"BV2BjjCjs+FytBb8OJVV/cD1/HjAtMaR0yMws9zCIlhY","previousCounter":0,"rootKey":"AB/REw9Am05FYqV6+43Tv8n9LIZiTnUMswT7noS111k="},"indexInfo":{"baseKey":"BSEpsaosqW6evUv7JeCybiAxjyUmrGusIqGkhnV4PQ1m","baseKeyType":1,"closed":-1,"used":1750610992568,"created":1750610992568,"remoteIdentityKey":"BZ/8xLK81qlWCxYOTbJrsK/tpa6MN828DCxHJKtwj7F5"},"_chains":{"BRxsGLX+0IKYlCFXWPstAZ5b3mvSdQjgen4ZfS8e7jFK":{"chainKey":{"counter":0,"key":"xZT0e+x3RglipF6zPQGQk5qz4YPMeKc/kPQHqose3rU="},"chainType":1,"messageKeys":{}}},"pendingPreKey":{"signedKeyId":3,"baseKey":"BSEpsaosqW6evUv7JeCybiAxjyUmrGusIqGkhnV4PQ1m","preKeyId":12208387}}},"version":"v1"}