{"_sessions":{"BZma+P+j9k5BzkXVT9o4MnO/j8KqOAVHO1PgLKBz+cgQ":{"registrationId":185685741,"currentRatchet":{"ephemeralKeyPair":{"pubKey":"BeZkc3YzOdwKzADbnpQn7lUhgge8QgKzBJnJTgr8x5sk","privKey":"iP+SgTQhqZJLGrA3UIoIw/bMLI39o6AZopLMDkJ7Mlw="},"lastRemoteEphemeralKey":"BeDStt0q7P1q80VcW0PiNhdlofG3WL3u6ojXNHgcHH5x","previousCounter":0,"rootKey":"usEqcIUWUpvCSaeKp984dCMxxyumUYCAJDvzw137lw4="},"indexInfo":{"baseKey":"BZma+P+j9k5BzkXVT9o4MnO/j8KqOAVHO1PgLKBz+cgQ","baseKeyType":2,"closed":-1,"used":1750615842817,"created":1750615842817,"remoteIdentityKey":"BfBk44O3H1qrVJ/dXNDlEZ77GV82zJ2NfE3Pey14K9Fg"},"_chains":{"BeDStt0q7P1q80VcW0PiNhdlofG3WL3u6ojXNHgcHH5x":{"chainKey":{"counter":0,"key":"umrgSbHG0rsXU+ry5yKziSWU/c2Ix2zwQoJ4Drght40="},"chainType":2,"messageKeys":{}},"BeZkc3YzOdwKzADbnpQn7lUhgge8QgKzBJnJTgr8x5sk":{"chainKey":{"counter":-1,"key":"vbJNwattVzEG0Gs4ZbmYRWDBf6Sa0GM2F/l3T/d7JXI="},"chainType":1,"messageKeys":{}}}}},"version":"v1"}