{"_sessions":{"BbW+EcDQU3lAmyCeZcM+8USigBtnUNtHsYd2r3t9ZbB0":{"registrationId":752636877,"currentRatchet":{"ephemeralKeyPair":{"pubKey":"BRdThHdHID6aGDz3aeqgya05843g4YcFXK6cpH+Rekh/","privKey":"mAuehDD05a+UOF/hM+VJGCXUFWfzfcA3ER5Es1d8W10="},"lastRemoteEphemeralKey":"Be5aoNLRQMX2ZAqbSdNge2fK5oAm8Yly9ksEYy98OQNb","previousCounter":0,"rootKey":"QC4oSENYcENGgvmscU5ZXdra1SY1oOqSuYukhgdvpiI="},"indexInfo":{"baseKey":"BbW+EcDQU3lAmyCeZcM+8USigBtnUNtHsYd2r3t9ZbB0","baseKeyType":2,"closed":-1,"used":1750595619154,"created":1750595619154,"remoteIdentityKey":"BdZ3/THjm2zo2b+Oc/xLKy3woFkbgwSTgQYiXpKpsWou"},"_chains":{"Be5aoNLRQMX2ZAqbSdNge2fK5oAm8Yly9ksEYy98OQNb":{"chainKey":{"counter":0,"key":"kH9QwKtd7P2Jn1Wui/eP5r8qrfFGetWpnUuTe9jvdV4="},"chainType":2,"messageKeys":{}},"BRdThHdHID6aGDz3aeqgya05843g4YcFXK6cpH+Rekh/":{"chainKey":{"counter":-1,"key":"8EVV/r2ckKIAkrRYag7PL+8Z0OdNpqDC9iRh8176TE8="},"chainType":1,"messageKeys":{}}}}},"version":"v1"}