{"_sessions":{"Bb+zZO/l1XngNQQZOf1JkTEMgMcywlF+//l/z2CiT+13":{"registrationId":1000117301,"currentRatchet":{"ephemeralKeyPair":{"pubKey":"Bc+Hzk5vSUr+U7qQX6P1n4OQNCJzR6UDA42ukcb0NmYU","privKey":"eOGGGAd8PK4921ZpyDRu+bdFMe5bxnEbMpHnq95h1Fw="},"lastRemoteEphemeralKey":"BdNd/9xRYZMr23A5cpBKmdTOS2jm3v1FNWloRdft0YAG","previousCounter":0,"rootKey":"c+Zh1Gn6Kd7fgtbeK5PHF+4P+yLXAxFb8byW0mQEmjk="},"indexInfo":{"baseKey":"Bb+zZO/l1XngNQQZOf1JkTEMgMcywlF+//l/z2CiT+13","baseKeyType":2,"closed":-1,"used":1750607227625,"created":1750607227625,"remoteIdentityKey":"BVxTLV6GA/ej7QCOM4EQ08IR8om6qUbM26Oft8CWG+I6"},"_chains":{"BdNd/9xRYZMr23A5cpBKmdTOS2jm3v1FNWloRdft0YAG":{"chainKey":{"counter":0,"key":"by6nlhsXrwlwJQ6VOQhnQL6cIbONrb/7Bioqo8GhfQg="},"chainType":2,"messageKeys":{}},"Bc+Hzk5vSUr+U7qQX6P1n4OQNCJzR6UDA42ukcb0NmYU":{"chainKey":{"counter":-1,"key":"mDuDi1LkAzE79CCjiV6CBdr1gKBhMnpcq9hPDvO/L7Q="},"chainType":1,"messageKeys":{}}}}},"version":"v1"}