{"_sessions":{"BQl4pUJq0+DXFYKSHcu0hi5jaNUijkhIjvR1xf8sujhn":{"registrationId":149709851,"currentRatchet":{"ephemeralKeyPair":{"pubKey":"BdxaGSNoH2LnNc06DK90oKT3ofjql9KfRzmtdZk9R+of","privKey":"mIsynmT3dYGBmeJBjEd2y0OLiILGdBgGps7IBjhkUW4="},"lastRemoteEphemeralKey":"Bbs+iXN0hYg5/rClrxWOHhlSULS5OpOBoONzZYK8+cJT","previousCounter":0,"rootKey":"rL2Ola8Aa0RcE6shjIo+PrvBlqHqb0rZyt7GRbagyQk="},"indexInfo":{"baseKey":"BQl4pUJq0+DXFYKSHcu0hi5jaNUijkhIjvR1xf8sujhn","baseKeyType":1,"closed":-1,"used":1750608416885,"created":1750608416885,"remoteIdentityKey":"BQhd3cNVqzWHtirEvBKshatobBzhGTimuYygYQusZvgH"},"_chains":{"BdxaGSNoH2LnNc06DK90oKT3ofjql9KfRzmtdZk9R+of":{"chainKey":{"counter":0,"key":"3Ovy6z4utFzweFRyZ+mdR6QAUMO72idISslyw2zXoQA="},"chainType":1,"messageKeys":{}}},"pendingPreKey":{"signedKeyId":3,"baseKey":"BQl4pUJq0+DXFYKSHcu0hi5jaNUijkhIjvR1xf8sujhn","preKeyId":14718784}}},"version":"v1"}