{"_sessions":{"BSnvLQY2HSLU1njv/agAnNl9SHuAPMubAs67J4x+uhRN":{"registrationId":1110394476,"currentRatchet":{"ephemeralKeyPair":{"pubKey":"BUgs5SYMEKq2ak+LAmOeT3rBmodceIjP8xXjeMhidl8q","privKey":"qOopcb689gWfP3rURymGhWIrvvyRWD4TZVayvkAgvU0="},"lastRemoteEphemeralKey":"BeM5MlugwFVMnkJjUgnifAuHx8jorElBn9VJKwYnedgb","previousCounter":0,"rootKey":"8ZuZ5+QEmA5rv+wuLIYHeL6YbTZ2jv0R2LcrBAWjCqs="},"indexInfo":{"baseKey":"BSnvLQY2HSLU1njv/agAnNl9SHuAPMubAs67J4x+uhRN","baseKeyType":1,"closed":-1,"used":1750624866308,"created":1750611136660,"remoteIdentityKey":"BQeA6uUNg9Lt/6cFc+MKUsPz7w3COl/fjcZhFloZOeMc"},"_chains":{"BeM5MlugwFVMnkJjUgnifAuHx8jorElBn9VJKwYnedgb":{"chainKey":{"counter":1,"key":"KV0fAZjv76fLne4BEy1OffqxF8Ce1MeimgntV3nWWbI="},"chainType":2,"messageKeys":{}},"BUgs5SYMEKq2ak+LAmOeT3rBmodceIjP8xXjeMhidl8q":{"chainKey":{"counter":-1,"key":"KiqSukOlt9uMjaCqhd9ueiXjK9fFROGPokUkc5n+dBQ="},"chainType":1,"messageKeys":{}}}}},"version":"v1"}