{"_sessions":{"Bb5KMrp4ZzRz8mdas/bYWhjBvwtwgg124AcGXvWPSiUg":{"registrationId":2102116467,"currentRatchet":{"ephemeralKeyPair":{"pubKey":"BTJ/u3qSjaA5jzdAMjhcQqR5owCwWPEsm78C1/oMc7QB","privKey":"kI1LjIRUPR0+Ij6vresrSx6fB0Q9kWglAoM0nufRWmM="},"lastRemoteEphemeralKey":"Bc3i7guLKePCGWd8MJOc3N34xlsMSenQZz7ew/+guPZ6","previousCounter":0,"rootKey":"4X4tPAZTJlJpSY1uZc4ykTOd5/HaCUFjNNY3qU5qru4="},"indexInfo":{"baseKey":"Bb5KMrp4ZzRz8mdas/bYWhjBvwtwgg124AcGXvWPSiUg","baseKeyType":2,"closed":-1,"used":1750594411566,"created":1750594411566,"remoteIdentityKey":"BQcDFh1N3oUL6CJeRDW6NLlzxyxLWqapQ4n/+ycORkE2"},"_chains":{"Bc3i7guLKePCGWd8MJOc3N34xlsMSenQZz7ew/+guPZ6":{"chainKey":{"counter":0,"key":"QK/yxLuXicuU04aF+HidBBu2a9kVVBTrGNAGo1kFNSY="},"chainType":2,"messageKeys":{}},"BTJ/u3qSjaA5jzdAMjhcQqR5owCwWPEsm78C1/oMc7QB":{"chainKey":{"counter":-1,"key":"UCkeSNhoe91Y7t6SuOecHz93JrMJ3y63OOj4u6lV33Y="},"chainType":1,"messageKeys":{}}}}},"version":"v1"}