{"_sessions":{"Ba/63netpayzRqOVtzwZKunRVw1MZ2Oi2sYcbQy4MKgI":{"registrationId":148216059,"currentRatchet":{"ephemeralKeyPair":{"pubKey":"BaV33NWnM1zM55Dcd8DJEGT9gyNP0PG4lj8gbo5G9qVa","privKey":"aI4xJdKclTm5L961LByLJfZjZ54aw9N/g1sd0i4QXFg="},"lastRemoteEphemeralKey":"BZL9qd3dk9T5IWjdjI/+sYkJjxFuQKu8FfmYzXOq7eZn","previousCounter":0,"rootKey":"LAQL5GtR1ci/FTr8PIWxS5gmhG5Zjnx2EFdC0FYyHFc="},"indexInfo":{"baseKey":"Ba/63netpayzRqOVtzwZKunRVw1MZ2Oi2sYcbQy4MKgI","baseKeyType":1,"closed":-1,"used":1750611136280,"created":1750611136280,"remoteIdentityKey":"BUQonkfetixZeDv9zZa6oqW1Ncoggt5P52c8WXPMfz48"},"_chains":{"BaV33NWnM1zM55Dcd8DJEGT9gyNP0PG4lj8gbo5G9qVa":{"chainKey":{"counter":0,"key":"I7EIUFVf9J6OoPfWLQs0JiVkZMsAbagm9SedCCmWBnc="},"chainType":1,"messageKeys":{}}},"pendingPreKey":{"signedKeyId":12393483,"baseKey":"Ba/63netpayzRqOVtzwZKunRVw1MZ2Oi2sYcbQy4MKgI","preKeyId":3598}}},"version":"v1"}