{"_sessions":{"BawCbu4w1qevvRyPupd4I3rFZJunAK34AVOHW1DlJXhR":{"registrationId":317431304,"currentRatchet":{"ephemeralKeyPair":{"pubKey":"BYzjSiWzaGXYcsKuurvhIAvLLHT69Lsj8CR/wVKtGad7","privKey":"CMeRFzAmpnmAVD2ZfX0s/IFVe2MRRJb5CY7FoUenVVg="},"lastRemoteEphemeralKey":"BcvSAo6BIc25czAuwAsfiRci11oP+8p6ZsvNFPpx2mRe","previousCounter":1,"rootKey":"baVPSxYbBYZr6DtpdLrUx7s1qV6V069vSFoQWI/kcSo="},"indexInfo":{"baseKey":"BawCbu4w1qevvRyPupd4I3rFZJunAK34AVOHW1DlJXhR","baseKeyType":1,"closed":-1,"used":1750622990025,"created":1750608416482,"remoteIdentityKey":"BeF8W9YCM/bkHNTXeSoQVBkjPZf2ZOPpAWyS5qLaa+ZA"},"_chains":{"BcvSAo6BIc25czAuwAsfiRci11oP+8p6ZsvNFPpx2mRe":{"chainKey":{"counter":0,"key":"o+iMWH4NsGq35qAc08wg1b8ZYl7a4E8o8o564oSgIfs="},"chainType":2,"messageKeys":{}},"BYzjSiWzaGXYcsKuurvhIAvLLHT69Lsj8CR/wVKtGad7":{"chainKey":{"counter":-1,"key":"Vd9vjQDABh3OkwCxhMThKyUUfheebMAQVJOGSsQH0+Q="},"chainType":1,"messageKeys":{}}}}},"version":"v1"}