{"_sessions":{"BRsoz2Mva7iqM4ugrjg7BP9XslEXPeb4I+l5aLrGnIwR":{"registrationId":1236422336,"currentRatchet":{"ephemeralKeyPair":{"pubKey":"BSg1Z3StvcWxxhJidH4Dy2tsjYqh/i8IFxTwPdaZN3Zi","privKey":"eLvlnPR2foLBkhwM4R1YD3GTCwk645w/2J6z+uRMCXk="},"lastRemoteEphemeralKey":"BZd71+5xAkVY93k05TdFBxrVK+87JR6X7GBDR13Gv18m","previousCounter":0,"rootKey":"hkjtmZEghAQU/BnTnyLg41K0vHs1cinI9KKyjkI93YY="},"indexInfo":{"baseKey":"BRsoz2Mva7iqM4ugrjg7BP9XslEXPeb4I+l5aLrGnIwR","baseKeyType":2,"closed":-1,"used":1750578312971,"created":1750578312971,"remoteIdentityKey":"BchCOKEAlxKUAxHbYKTzrdV5/KuJJZl5wLxbn0CNsPAJ"},"_chains":{"BZd71+5xAkVY93k05TdFBxrVK+87JR6X7GBDR13Gv18m":{"chainKey":{"counter":0,"key":"KbwSWZmSHp1j6bc4UCY6df9uvjeyNUOzAXX0BoRDiJE="},"chainType":2,"messageKeys":{}},"BSg1Z3StvcWxxhJidH4Dy2tsjYqh/i8IFxTwPdaZN3Zi":{"chainKey":{"counter":0,"key":"42mPDeviv5MN8/TgKWpfZv7UzsK7WIJowOMoiGpz0kM="},"chainType":1,"messageKeys":{}}}}},"version":"v1"}