{"_sessions":{"BduNjIMSZRzpOnXBDPa8ApBmd5QCe9YJB1NghhDRWMJl":{"registrationId":462422420,"currentRatchet":{"ephemeralKeyPair":{"pubKey":"Bcdu36OSbHpUQBGY8FxzzKA6STYZ00PJIYnDTHuxCnNk","privKey":"yKXB6l9e0XKe9izRKYWrV82M1yE3kqtiTNY+96Vry1M="},"lastRemoteEphemeralKey":"BVaycPb2ZPQU5bh3pVxTk7ZfnVdGLPr2Ye9R9MqnlcJX","previousCounter":0,"rootKey":"E0tFaU5/Ya9lS6dI8+8DO4MYZwkr7XFpjgng4nFl5RI="},"indexInfo":{"baseKey":"BduNjIMSZRzpOnXBDPa8ApBmd5QCe9YJB1NghhDRWMJl","baseKeyType":2,"closed":-1,"used":1750579437222,"created":1750579437222,"remoteIdentityKey":"BeRazuyPZHs4zKGAtUecs85uI8iRJeY2HaIu7/ZUb854"},"_chains":{"BVaycPb2ZPQU5bh3pVxTk7ZfnVdGLPr2Ye9R9MqnlcJX":{"chainKey":{"counter":0,"key":"tUn4GtTis9RjAeH+SD2vCDVGUh9MT3Tb+Yi4QUVfjA0="},"chainType":2,"messageKeys":{}},"Bcdu36OSbHpUQBGY8FxzzKA6STYZ00PJIYnDTHuxCnNk":{"chainKey":{"counter":0,"key":"ZDUJH4/6XA/buloJmVdnYPuXzi0dKmiGL808ZW/yctw="},"chainType":1,"messageKeys":{}}}}},"version":"v1"}