{"_sessions":{"BSSPcjJqVAzUKj4+IhgswOl15PkSnjgmSZi+57RWuEhd":{"registrationId":2132208058,"currentRatchet":{"ephemeralKeyPair":{"pubKey":"BdOPBEDsFjcaTj18JFKGPuYo5KSvLSHvRLwhNPhcn+EC","privKey":"CJ4SbAMJpLOYS20krwjO3PxxKXWr4VU3XBPnf8RpyEU="},"lastRemoteEphemeralKey":"BXaAynq/igpmTZdqoC7cMXK3sbR1JzQ0J3/SXOQkDv8r","previousCounter":0,"rootKey":"qmfFRwk9QVym5lGbmZT7S5txed5dJtJBFY9GZj0h2K4="},"indexInfo":{"baseKey":"BSSPcjJqVAzUKj4+IhgswOl15PkSnjgmSZi+57RWuEhd","baseKeyType":1,"closed":-1,"used":1750610992661,"created":1750610992661,"remoteIdentityKey":"BYfqakHnr8/JOkJCk8ZcMFjRVgYL/fEunG5/FrJGqsAJ"},"_chains":{"BdOPBEDsFjcaTj18JFKGPuYo5KSvLSHvRLwhNPhcn+EC":{"chainKey":{"counter":0,"key":"6Dxlvm+POXjs4Ov1hjpp8Y2LqsY5I7EmSCIUspyPIBc="},"chainType":1,"messageKeys":{}}},"pendingPreKey":{"signedKeyId":9563093,"baseKey":"BSSPcjJqVAzUKj4+IhgswOl15PkSnjgmSZi+57RWuEhd","preKeyId":12302}}},"version":"v1"}