{"_sessions":{"Be4MngoLiczvkZd26XuYQD9q42s3+Uy0o6St6/xTaLkx":{"registrationId":1704833153,"currentRatchet":{"ephemeralKeyPair":{"pubKey":"BQ6qXjcYpGvWO05JLj+Dvuyc0/lFMYGA9d4HdGPF2e10","privKey":"CAZP1Ou+uNyp/3puBA/MaD679GSK/gcrmF5h3FtGzWk="},"lastRemoteEphemeralKey":"BRQzAkDFHmVcgxtqU4/G33iSO82VZKr/HMXLsU8QhMhZ","previousCounter":0,"rootKey":"BtC3+hvHgFDb4HvQI3UanVzST8aSN5u5Ux/JE7Pbszo="},"indexInfo":{"baseKey":"Be4MngoLiczvkZd26XuYQD9q42s3+Uy0o6St6/xTaLkx","baseKeyType":2,"closed":-1,"used":1750598758625,"created":1750598758625,"remoteIdentityKey":"Bc4ux5LqWhlUGdIVufLEuPgKfnEWYhEFUMpE6+WF2VMS"},"_chains":{"BRQzAkDFHmVcgxtqU4/G33iSO82VZKr/HMXLsU8QhMhZ":{"chainKey":{"counter":0,"key":"wlQmA0J5SJbq0a9Nwht2qdAy8WokpREk4odgWbMi3Lc="},"chainType":2,"messageKeys":{}},"BQ6qXjcYpGvWO05JLj+Dvuyc0/lFMYGA9d4HdGPF2e10":{"chainKey":{"counter":-1,"key":"j4PHwrfHX6dsFll3sGfkRFHLA/P9VY96bALKYvw0suc="},"chainType":1,"messageKeys":{}}}}},"version":"v1"}