{"_sessions":{"BT7Fzbo8BwLeVnGWUDoM6dhWFmQhQGGrd7KYsGcb/b4n":{"registrationId":1018336211,"currentRatchet":{"ephemeralKeyPair":{"pubKey":"BXiKuRQRK6rgbKwrvQlM1XAnwVmHzUdKgSrs8jlRWd81","privKey":"AB0Hk8wB4NO3Ow9OtaAptF425XWUm2agSkkGjpwU01w="},"lastRemoteEphemeralKey":"BWtS+pgWDQZE1mm+Fu+wnyElBxBpVtiUVesq6mt2V+oG","previousCounter":0,"rootKey":"FwGk2ZvolBW7bSj5KVOIaekoGCNUrqo8BTcDhMbxCWQ="},"indexInfo":{"baseKey":"BT7Fzbo8BwLeVnGWUDoM6dhWFmQhQGGrd7KYsGcb/b4n","baseKeyType":1,"closed":-1,"used":1750608415872,"created":1750608415872,"remoteIdentityKey":"BUB0OTP+0nqPTuHl1D37d4a+JFxf4YnFAxjbBl18RwVp"},"_chains":{"BXiKuRQRK6rgbKwrvQlM1XAnwVmHzUdKgSrs8jlRWd81":{"chainKey":{"counter":0,"key":"CdlEMln1PzJ5650JBj34wpoHyLLW2J5t6WiyMDzgqbE="},"chainType":1,"messageKeys":{}}},"pendingPreKey":{"signedKeyId":1,"baseKey":"BT7Fzbo8BwLeVnGWUDoM6dhWFmQhQGGrd7KYsGcb/b4n","preKeyId":594}}},"version":"v1"}