{"_sessions":{"BdTY4cNwxLpVlkh9Cqjcr5nvQ7VZghl94Gnmvf766JVZ":{"registrationId":1341333313,"currentRatchet":{"ephemeralKeyPair":{"pubKey":"BRjjowDdk2H7R7w8odg2mCaNWD/dPapUczIII9zR0P9r","privKey":"WIGeq23TMCFeQQ/bPdA7nVzInHPBayAR6xSty+zFyGM="},"lastRemoteEphemeralKey":"BRwxhkDq5nB4r8rRxyio9pfvMiqFXuiyaFgM8coWYPA6","previousCounter":0,"rootKey":"wbPpQGyMzrEjcycj1z7gnbstvblupPPkiDzwJMNcDB8="},"indexInfo":{"baseKey":"BdTY4cNwxLpVlkh9Cqjcr5nvQ7VZghl94Gnmvf766JVZ","baseKeyType":1,"closed":-1,"used":1750611136461,"created":1750611136461,"remoteIdentityKey":"BSnu0IU4QVbaHEqA48rl3ME2OdNH6k5gQzuRrtTzvXMf"},"_chains":{"BRjjowDdk2H7R7w8odg2mCaNWD/dPapUczIII9zR0P9r":{"chainKey":{"counter":0,"key":"uv8EJ+bgKInyuD+eyPai8BGGFlDK746vtZ6io/jV6k0="},"chainType":1,"messageKeys":{}}},"pendingPreKey":{"signedKeyId":6820566,"baseKey":"BdTY4cNwxLpVlkh9Cqjcr5nvQ7VZghl94Gnmvf766JVZ","preKeyId":6118}}},"version":"v1"}