{"_sessions":{"BaM3AWV48bbtqoBt9rce4BD9tkAi6gLIjI4hMoARisRc":{"registrationId":924077269,"currentRatchet":{"ephemeralKeyPair":{"pubKey":"BSsMHUKUGBBsSCRc6pAnix6jLS2YfkXFHQDDt4etGuIC","privKey":"8L6ResrzLR4BGG/j83b6L2+iPlA5g2PA3AL2YiOWmGI="},"lastRemoteEphemeralKey":"BTMBbpiaDgd6w8Vh+VcQdkdt2UB5kQEG3ozRea3Gtat6","previousCounter":0,"rootKey":"oSoM0m38yCSOQT4v4exzOqlTyRgsUIDUIDhcu6zmDnk="},"indexInfo":{"baseKey":"BaM3AWV48bbtqoBt9rce4BD9tkAi6gLIjI4hMoARisRc","baseKeyType":2,"closed":-1,"used":1750580358794,"created":1750580358794,"remoteIdentityKey":"BbxkzvkuUeH51gKCVBT6OvKN6QumwHf8zq+KEyeYnB5S"},"_chains":{"BTMBbpiaDgd6w8Vh+VcQdkdt2UB5kQEG3ozRea3Gtat6":{"chainKey":{"counter":0,"key":"F1yfO3nUMgMdz9j0R0zanlI/Jfts1643IgtgvuZV8qQ="},"chainType":2,"messageKeys":{}},"BSsMHUKUGBBsSCRc6pAnix6jLS2YfkXFHQDDt4etGuIC":{"chainKey":{"counter":-1,"key":"pyadcTl1F/cuKGDy2EP4vW0PRpabyEQ/xDZpDs4UDiY="},"chainType":1,"messageKeys":{}}}}},"version":"v1"}