{"_sessions":{"Bad/DtXDXxmy2UjbnH8utl0ohdgnOPpNMy4QgieFmgso":{"registrationId":1859624045,"currentRatchet":{"ephemeralKeyPair":{"pubKey":"BV+XOKGUCDrnCUy2zpq0/H/ycLHzXc6GXGIFPKRYHE0s","privKey":"UFHbpUXFNIGdhBMVoFMhQGQucT2SubNRpFI89Z3pHX4="},"lastRemoteEphemeralKey":"Bfe5apxrscYvXKSzgm+7L+f6u0Uy4vBXCR/VxujcSekK","previousCounter":0,"rootKey":"29pS0nvj8rXurH3+/KzERTqHrNyXTdK2bX5eUqyGi9I="},"indexInfo":{"baseKey":"Bad/DtXDXxmy2UjbnH8utl0ohdgnOPpNMy4QgieFmgso","baseKeyType":1,"closed":-1,"used":1750620033225,"created":1750608416879,"remoteIdentityKey":"Be0JNQ8i8K+ou6VgEByGuFf+uL/sroKKsdiYCDsIcd5H"},"_chains":{"Bfe5apxrscYvXKSzgm+7L+f6u0Uy4vBXCR/VxujcSekK":{"chainKey":{"counter":0,"key":"R/S42FJUZ6V2DX1AXqVizMbYesm/yPQHslsnTFFWGoQ="},"chainType":2,"messageKeys":{}},"BV+XOKGUCDrnCUy2zpq0/H/ycLHzXc6GXGIFPKRYHE0s":{"chainKey":{"counter":-1,"key":"xP6JMQqwyOS5uwoj2W/ZEv+caDrZ6SOxahZd+m9kYNc="},"chainType":1,"messageKeys":{}}}}},"version":"v1"}