{"_sessions":{"BWeaydCXFoN+x/6UBpuZcdGI4jMFuupW47xFpiuCaKNi":{"registrationId":509642976,"currentRatchet":{"ephemeralKeyPair":{"pubKey":"BXGYcEg43dtof2MgXwVvHGzxs8W/3skfpl+nK7zzE70n","privKey":"2A+O9cQ8EmfMrGBormZ7TSGI8HzZ2XotxJG0KkkSGlg="},"lastRemoteEphemeralKey":"BR4u1WHFHQ7xd3xh2FsEAfL4C2HjmBx1/2Ia0VWrYU9I","previousCounter":0,"rootKey":"OkaSuIpTwgsDZ1bfK0s8a+fLLPMYd7EgKABkd8DlgkY="},"indexInfo":{"baseKey":"BWeaydCXFoN+x/6UBpuZcdGI4jMFuupW47xFpiuCaKNi","baseKeyType":2,"closed":-1,"used":1750616185968,"created":1750616185968,"remoteIdentityKey":"BauIuR8ktpzRf0Ihu+mJKhduGVVpgmPyqio+t7mEGcAe"},"_chains":{"BR4u1WHFHQ7xd3xh2FsEAfL4C2HjmBx1/2Ia0VWrYU9I":{"chainKey":{"counter":0,"key":"+IicdtrN9IvwvF2hP3DE7KvRlmdboDjihofFT16n/U8="},"chainType":2,"messageKeys":{}},"BXGYcEg43dtof2MgXwVvHGzxs8W/3skfpl+nK7zzE70n":{"chainKey":{"counter":-1,"key":"Q9l2E7haU8PN2jrk+393VibjZ/gpBvbHuIMQxT0dMck="},"chainType":1,"messageKeys":{}}}}},"version":"v1"}