{"_sessions":{"BZYzOzZo3tcV91WwiWLW8pZur8BINc+iMPNSasZomuYN":{"registrationId":1453685793,"currentRatchet":{"ephemeralKeyPair":{"pubKey":"BVaVe1AiCfD0iZye8RCu90IVxgOzXWqQWOO9MGcPfaA3","privKey":"oBPlRGFt9lCwd41SFivkhUh+UdfQBVo6kEHHZl+pIlc="},"lastRemoteEphemeralKey":"BQT/xSebvRnKMug5QruR6pVptp2yvWlaQD+RKE3xiQty","previousCounter":0,"rootKey":"T6nXvQjSp3RG7oLSgPRZI7alUNllFQd9SR9DqN+XlQw="},"indexInfo":{"baseKey":"BZYzOzZo3tcV91WwiWLW8pZur8BINc+iMPNSasZomuYN","baseKeyType":1,"closed":-1,"used":1750610992869,"created":1750610992869,"remoteIdentityKey":"BV7FAmkCUV45IVAnnMvQFXUPpMgzreeiaOZEsF9ab9ph"},"_chains":{"BVaVe1AiCfD0iZye8RCu90IVxgOzXWqQWOO9MGcPfaA3":{"chainKey":{"counter":0,"key":"73sK4AH0Li1+h9HtJiBEDecK/vJihPO4uBKEgbDzAFk="},"chainType":1,"messageKeys":{}}},"pendingPreKey":{"signedKeyId":8,"baseKey":"BZYzOzZo3tcV91WwiWLW8pZur8BINc+iMPNSasZomuYN","preKeyId":207963}}},"version":"v1"}