{"_sessions":{"BboC2StGHeOtfZfDoFLHZHoAfwzFPHLQIQvYzIfrm+E4":{"registrationId":1889029686,"currentRatchet":{"ephemeralKeyPair":{"pubKey":"Bbf8tQI1XC8aFE+dxYwlL+K/xb+r+/yTK10sDZuETk0U","privKey":"QGuxLFU5ksIbhy3wAywy/XD0j7XfeSMGCQtSpeXq5Vk="},"lastRemoteEphemeralKey":"BeIeSyffL1hpjpgnbWd/7gALf4VWCoFqRN2TLc9VWCEi","previousCounter":0,"rootKey":"OTn4Xj/JPDQalOqtt0z0suLMokz+o1zPw3gfY2AZeKU="},"indexInfo":{"baseKey":"BboC2StGHeOtfZfDoFLHZHoAfwzFPHLQIQvYzIfrm+E4","baseKeyType":1,"closed":-1,"used":1750608416770,"created":1750608416770,"remoteIdentityKey":"BfPlk5QG6baGYrOr/NFrdHlAQ6G9xKgV3qIJDa8U3SxZ"},"_chains":{"Bbf8tQI1XC8aFE+dxYwlL+K/xb+r+/yTK10sDZuETk0U":{"chainKey":{"counter":0,"key":"zpuCbYoQ1dVUoxS7erdvuTT2oFsIp3J/I1dSKDwH6Co="},"chainType":1,"messageKeys":{}}},"pendingPreKey":{"signedKeyId":7,"baseKey":"BboC2StGHeOtfZfDoFLHZHoAfwzFPHLQIQvYzIfrm+E4","preKeyId":6462638}}},"version":"v1"}