{"_sessions":{"BVpxsPIUfeDITnBDRfsRSJy2W8CUew+Wwdh5r0PI3GE0":{"registrationId":637140588,"currentRatchet":{"ephemeralKeyPair":{"pubKey":"BQ0PFccydrrzelNOkH/6TJbb7INH59M5XuJ1kVE9O2oM","privKey":"8N1U3rI1VitzJ/QYUEIOVSn7k/0WJzV/CN9z3ez+CEM="},"lastRemoteEphemeralKey":"BecT2a0YrryrsFMLqCKmsZ/97ts4SEbDiKI5++ZoYNhL","previousCounter":0,"rootKey":"ytW5PfT+9nHdUgo9jkccHgcPj+mZWgBBgkHIPHRyd4c="},"indexInfo":{"baseKey":"BVpxsPIUfeDITnBDRfsRSJy2W8CUew+Wwdh5r0PI3GE0","baseKeyType":1,"closed":-1,"used":1750608416578,"created":1750608416578,"remoteIdentityKey":"BfYn6etwGmfxFkrd9L5QfphQQSvZcTBhYZ93SH1Ecy9a"},"_chains":{"BQ0PFccydrrzelNOkH/6TJbb7INH59M5XuJ1kVE9O2oM":{"chainKey":{"counter":0,"key":"OJcNlEbaKg7a0anego/DAJN9JqT3MldqdZ1RfdYrFxY="},"chainType":1,"messageKeys":{}}},"pendingPreKey":{"signedKeyId":12,"baseKey":"BVpxsPIUfeDITnBDRfsRSJy2W8CUew+Wwdh5r0PI3GE0","preKeyId":11278663}}},"version":"v1"}