{"_sessions":{"BfEwyXOsf0FwAhk2hBuGfpa8uhG+eB/bkxHwgFbjpuFZ":{"registrationId":1944769015,"currentRatchet":{"ephemeralKeyPair":{"pubKey":"BQPxOZcG0229neBwg64+OerDuYSSDQOHI8QBgNkKUuU2","privKey":"ICyIi514+wcEv1CX+VihFR9gBnGtjJLQXXIymH5E/HM="},"lastRemoteEphemeralKey":"BadKf0ou/NUw67hToAqG5hSRuO0vRNVdVQ4GGQJpkv15","previousCounter":0,"rootKey":"vJoPxdM9KXoHluf2ybB2JVn5eYiK35EQLbKwCG2KIa4="},"indexInfo":{"baseKey":"BfEwyXOsf0FwAhk2hBuGfpa8uhG+eB/bkxHwgFbjpuFZ","baseKeyType":1,"closed":-1,"used":1750608417169,"created":1750608417169,"remoteIdentityKey":"BeElynWhOh8YGmgpPs9MvbbFxFgPDNuDNeD1X44fVtV1"},"_chains":{"BQPxOZcG0229neBwg64+OerDuYSSDQOHI8QBgNkKUuU2":{"chainKey":{"counter":0,"key":"nNeaoSySQXrB5sfuP0Rx2YEjZ6eMQC3YeJkrFwulCSs="},"chainType":1,"messageKeys":{}}},"pendingPreKey":{"signedKeyId":1,"baseKey":"BfEwyXOsf0FwAhk2hBuGfpa8uhG+eB/bkxHwgFbjpuFZ","preKeyId":1763415}}},"version":"v1"}