{"_sessions":{"BW8akFac/3f5uD+mmzQMtqDnajTJGzj6tYuDFRcYALs7":{"registrationId":168835169,"currentRatchet":{"ephemeralKeyPair":{"pubKey":"BdL6LIMXL4Wx3YzuVJXRdtJXxVMwRRGl6z1p4cKNupkU","privKey":"WIQkbV7pTE0wO2iFqe3R71DX+t1iISFW4xRkUqqW9m8="},"lastRemoteEphemeralKey":"BVLp/16vitGw6LfDsJ587kNbMKVAiYadREYI5X7a+ZJG","previousCounter":0,"rootKey":"bqtm4tKEM+zMt83uTtWMd1ZKjd2gTQQfKVgJaEufEm8="},"indexInfo":{"baseKey":"BW8akFac/3f5uD+mmzQMtqDnajTJGzj6tYuDFRcYALs7","baseKeyType":1,"closed":-1,"used":1750608416164,"created":1750608416164,"remoteIdentityKey":"BVjzAvCa4aYdRr1On2az/ThMtSKEWKd00j9F+jqF4+Qf"},"_chains":{"BdL6LIMXL4Wx3YzuVJXRdtJXxVMwRRGl6z1p4cKNupkU":{"chainKey":{"counter":0,"key":"wyrW/3WD1V9S5614x6ld4vHOqrvv8w802DOgZNqo4b4="},"chainType":1,"messageKeys":{}}},"pendingPreKey":{"signedKeyId":23,"baseKey":"BW8akFac/3f5uD+mmzQMtqDnajTJGzj6tYuDFRcYALs7","preKeyId":9370}}},"version":"v1"}