{"_sessions":{"BcaIQFQxpAHDPqI8L7+7dRZ8ZFStvikhXB+rF1hXpGwj":{"registrationId":1976781686,"currentRatchet":{"ephemeralKeyPair":{"pubKey":"BUxTvOiK5edHP59gbpos7lknt7wAQBlybzj1TxNU9VAC","privKey":"sNm6UfpfETHcxGHkmICya7o0VqyAAqLmyM07Nn+P/Es="},"lastRemoteEphemeralKey":"BTMqtitslEWgXcIHz8yTmhofe0OjUp1KNjb30BoYNAAz","previousCounter":0,"rootKey":"Urr5TQodKOQ0dgltf8ta6Da43BPdTgoc8ZD8G5ArORY="},"indexInfo":{"baseKey":"BcaIQFQxpAHDPqI8L7+7dRZ8ZFStvikhXB+rF1hXpGwj","baseKeyType":2,"closed":-1,"used":1750619473114,"created":1750619473114,"remoteIdentityKey":"BSd2m7R3c3+NuEBY3jaLz985ExkVs57hLlP/QURqb0dW"},"_chains":{"BTMqtitslEWgXcIHz8yTmhofe0OjUp1KNjb30BoYNAAz":{"chainKey":{"counter":0,"key":"5SQHs9MpN+FkKNOULEx+e2t74s6DiM9c6XSdAbcM5YQ="},"chainType":2,"messageKeys":{}},"BUxTvOiK5edHP59gbpos7lknt7wAQBlybzj1TxNU9VAC":{"chainKey":{"counter":-1,"key":"u8Cwc1itNKz6O5wiJ3wRGXyFF2On38H+rmXEjCWug3s="},"chainType":1,"messageKeys":{}}}}},"version":"v1"}