{"_sessions":{"BfFqR9KR6/CPG1kspmu94WytaWy0a4ozfcsSa39FQI1E":{"registrationId":2107927412,"currentRatchet":{"ephemeralKeyPair":{"pubKey":"Be8aBLDxye/BPbjgQDvTTFmI4LLN1pDi7SV/9zfIS3EN","privKey":"SEzB7Ppz3yCttgRooCfcvfD/JOmUQt4p4Ptzx81QH3g="},"lastRemoteEphemeralKey":"BdN4f+N6b9s7j1gAMPlfKPi6aHMkV3UWiykEwPsQZ9sK","previousCounter":0,"rootKey":"q25TjtGyRP9Iagc4kF3FCOC3/VU69kkhUrxWRzD5GUQ="},"indexInfo":{"baseKey":"BfFqR9KR6/CPG1kspmu94WytaWy0a4ozfcsSa39FQI1E","baseKeyType":1,"closed":-1,"used":1750611136062,"created":1750611136062,"remoteIdentityKey":"BabNsc+1nVdQyxoS7Oka+LN3/2TwhzlnyaTdHMH1uRF3"},"_chains":{"Be8aBLDxye/BPbjgQDvTTFmI4LLN1pDi7SV/9zfIS3EN":{"chainKey":{"counter":0,"key":"ZJEGXMRAp2IAr2VBPM2zRSt9hQWtXkuQFnN7HS3l3g4="},"chainType":1,"messageKeys":{}}},"pendingPreKey":{"signedKeyId":9,"baseKey":"BfFqR9KR6/CPG1kspmu94WytaWy0a4ozfcsSa39FQI1E","preKeyId":13173123}}},"version":"v1"}