{"_sessions":{"BaU1WLTp5iAtb1uMgLzOpKQZEqgRxAwCVvEKIAUbyKNu":{"registrationId":1074479621,"currentRatchet":{"ephemeralKeyPair":{"pubKey":"BZvak/8NFbK1x4rXakTdZZcwKgrFZwqRU7c/xu6tHR9a","privKey":"0OWfk/QDt3yxpLmZU50q9xktBCvNvqElIuX2LLsp/ns="},"lastRemoteEphemeralKey":"BdIcqY+oj9mBKnu9dQzV0iY8Lev7JQnI0pSHy9GBeDd+","previousCounter":0,"rootKey":"2cDLAuufXTplUeuSXkJ3f1eMOyva64jtlvztiK4whI4="},"indexInfo":{"baseKey":"BaU1WLTp5iAtb1uMgLzOpKQZEqgRxAwCVvEKIAUbyKNu","baseKeyType":2,"closed":-1,"used":1750605449194,"created":1750605449194,"remoteIdentityKey":"BSGQLUek7UucST7Hj/Bc0BcR6cjkNaxqxj2U5xEOrBs7"},"_chains":{"BdIcqY+oj9mBKnu9dQzV0iY8Lev7JQnI0pSHy9GBeDd+":{"chainKey":{"counter":0,"key":"ep5HAdeiHnfoeJx9vKFNFa9VQiHbRRsb8+M1zhE1i+8="},"chainType":2,"messageKeys":{}},"BZvak/8NFbK1x4rXakTdZZcwKgrFZwqRU7c/xu6tHR9a":{"chainKey":{"counter":-1,"key":"Ne1C1oOdevpBAyzoFePLTKHAfs9Jtv4qmOBybEIhZmI="},"chainType":1,"messageKeys":{}}}}},"version":"v1"}