{"_sessions":{"BRqWJY9Re8cRW3jKPoWMB5VIEjqRiYZTFBv0BUnHvI9G":{"registrationId":2120614863,"currentRatchet":{"ephemeralKeyPair":{"pubKey":"BWn95ttwhgaeXEc1CQWdJ+HQR/ChALggQJcCm4eMOTAM","privKey":"qHnAmPY4x7ILSc2syxLcKoy0Zpk3m4tfsOO/2x80FHg="},"lastRemoteEphemeralKey":"BfAZkTbsFhIzXSe6OUkWPF3qceg7hiR+MtR9W+CfCZkZ","previousCounter":0,"rootKey":"rn/Ikx2F8Lf2ZepvFeGf4UTSen+oH+jie8UdrpaPraM="},"indexInfo":{"baseKey":"BRqWJY9Re8cRW3jKPoWMB5VIEjqRiYZTFBv0BUnHvI9G","baseKeyType":1,"closed":-1,"used":1750611283654,"created":1750608416678,"remoteIdentityKey":"BepmbfbOK23XYC/eZqsYFOjH0s2qcjpaYRyNIwZQ8Asw"},"_chains":{"BfAZkTbsFhIzXSe6OUkWPF3qceg7hiR+MtR9W+CfCZkZ":{"chainKey":{"counter":0,"key":"sPZ0ph/m1y5HcdnO/fcIPbcURplApg2aSZQ7e+k/y5c="},"chainType":2,"messageKeys":{}},"BWn95ttwhgaeXEc1CQWdJ+HQR/ChALggQJcCm4eMOTAM":{"chainKey":{"counter":-1,"key":"DJTDyX+Qhtpu3CgD1GmcyGPOuSv8FpvbAWK/hhVMYz0="},"chainType":1,"messageKeys":{}}}}},"version":"v1"}