{"_sessions":{"BatNJrqx2zy3O75T2QyReU5YWZ5LwSBgxHv0iNvzdeBE":{"registrationId":977481780,"currentRatchet":{"ephemeralKeyPair":{"pubKey":"BYfU/BRy3pxqDC9ElYEPSwKs8nT/zZJtbalH2Ad0NYUm","privKey":"GOgIHwWzaChnO+6sQkeZRQGaxPrqssflVc7hkESwmlw="},"lastRemoteEphemeralKey":"Ba6yb1ZhDyTKpwWRcxcS9Kcx6BMbxDJi4Vf+q4KPlLEo","previousCounter":0,"rootKey":"WUChTH6JGZw4iBCt6yd2XQj5k73EuVQpL9Gn5b3oMiw="},"indexInfo":{"baseKey":"BatNJrqx2zy3O75T2QyReU5YWZ5LwSBgxHv0iNvzdeBE","baseKeyType":1,"closed":-1,"used":1750610992461,"created":1750610992461,"remoteIdentityKey":"BWcy4kphyenA9mMbRmmCyzgoa/+ZoFQAu+u0k7TWgHZ0"},"_chains":{"BYfU/BRy3pxqDC9ElYEPSwKs8nT/zZJtbalH2Ad0NYUm":{"chainKey":{"counter":0,"key":"6kOWrlPS5BJRVzO+YoswiMtTRxaImXAL2MyyHxgAjY0="},"chainType":1,"messageKeys":{}}},"pendingPreKey":{"signedKeyId":429,"baseKey":"BatNJrqx2zy3O75T2QyReU5YWZ5LwSBgxHv0iNvzdeBE","preKeyId":13457}}},"version":"v1"}