{"_sessions":{"BYdFBBW9Yn7wHWXkFsfiF5crdmtLPPtpErWFbABJZYoP":{"registrationId":1373052878,"currentRatchet":{"ephemeralKeyPair":{"pubKey":"BXIJIBIHJ51L0Iqbhl0VDYJfp7vGDgdf6HvrtAGkCj8y","privKey":"SNQXKCbb8dzQ0IZBVBi2Kh7FuIP65sEvWDa9VkTeH0U="},"lastRemoteEphemeralKey":"BYLKdzTUvk2xeNRXja2vQbaF23QDkpGmhvIYk/Z8/c0V","previousCounter":0,"rootKey":"8fMX5oV5LCcoayDsqVHzei6g0YM7JDdFQBKFuXO8TZs="},"indexInfo":{"baseKey":"BYdFBBW9Yn7wHWXkFsfiF5crdmtLPPtpErWFbABJZYoP","baseKeyType":1,"closed":-1,"used":1750621682824,"created":1750611136576,"remoteIdentityKey":"BVhSoi7sF+C+sSUYqEzaP67ly+UM5dfqTwCh8bA8CoUn"},"_chains":{"BYLKdzTUvk2xeNRXja2vQbaF23QDkpGmhvIYk/Z8/c0V":{"chainKey":{"counter":0,"key":"i4rEQmXlnFRP0U1cd1Qdjxlm08R0P25wa6jtFzxmgH4="},"chainType":2,"messageKeys":{}},"BXIJIBIHJ51L0Iqbhl0VDYJfp7vGDgdf6HvrtAGkCj8y":{"chainKey":{"counter":-1,"key":"7rLnGCn11wpwgIQBaXrxWTxUn1vR0RtQWE0Jd+6Kj3A="},"chainType":1,"messageKeys":{}}}}},"version":"v1"}