{"_sessions":{"BW145S9e2WByThie+S2qc0oPokVKtHD1yJ+CrxlsxIQt":{"registrationId":1340346760,"currentRatchet":{"ephemeralKeyPair":{"pubKey":"BV3JHsmADVlEynOwZSYWdvui7aM2QcDFc8+2Oh+EFRtr","privKey":"IFTgfwDBFp+7F26BXJzKUpTczFvRuNSZKdrn+4pKLWY="},"lastRemoteEphemeralKey":"BYbkN0Ltu7t/yx18BE3qHXO/4goFvgRBR7E9qUPqyuIu","previousCounter":0,"rootKey":"UDOuwT1MzutFux+DErwC6tgHPxUuADD7jBwYoXl+6+Y="},"indexInfo":{"baseKey":"BW145S9e2WByThie+S2qc0oPokVKtHD1yJ+CrxlsxIQt","baseKeyType":1,"closed":-1,"used":1750613517006,"created":1750608416462,"remoteIdentityKey":"BQEFqUFR2SMwYwarGV+hGQHOxu1bI4pYPMXxDzV6HEIa"},"_chains":{"BYbkN0Ltu7t/yx18BE3qHXO/4goFvgRBR7E9qUPqyuIu":{"chainKey":{"counter":0,"key":"FACqf+pBHrL/zPUjdQRoSyp7nuCOuhmADFeLuXgpOIE="},"chainType":2,"messageKeys":{}},"BV3JHsmADVlEynOwZSYWdvui7aM2QcDFc8+2Oh+EFRtr":{"chainKey":{"counter":-1,"key":"1QClkMWRsuRIAd8TcgVuWHI/NgGtDzuqJMtob65UplQ="},"chainType":1,"messageKeys":{}}}}},"version":"v1"}