{"_sessions":{"BTgtLvPsznS3WITQo2qzvFuj1YufUkzX2k2V4R9RRiom":{"registrationId":306373451,"currentRatchet":{"ephemeralKeyPair":{"pubKey":"BTotppFYrEEp3PgpX1yOHkZO0r7dp0bvyE1flFeXboJV","privKey":"OMmzd9WGEeTr3CgZeafRIlw+amjgVyLjriLNJxr2HUg="},"lastRemoteEphemeralKey":"BVQTJOa6VX8reltrm4M4SX7ZqBGHlalaPrDi6SM2JVMy","previousCounter":0,"rootKey":"91GeAL3EmYFa3aD5hi8yy4c9mVqXs+ZE4+QnUfbwsHQ="},"indexInfo":{"baseKey":"BTgtLvPsznS3WITQo2qzvFuj1YufUkzX2k2V4R9RRiom","baseKeyType":1,"closed":-1,"used":1750610992477,"created":1750610992477,"remoteIdentityKey":"BTt7M4grnjrMAjdwWrcr/oLhZBi64PBFA5NgRD2E7Sp4"},"_chains":{"BTotppFYrEEp3PgpX1yOHkZO0r7dp0bvyE1flFeXboJV":{"chainKey":{"counter":0,"key":"8osTsFUx9SJHq2egojVyzaBgNAC0/6fC4LPe6l55zl8="},"chainType":1,"messageKeys":{}}},"pendingPreKey":{"signedKeyId":8,"baseKey":"BTgtLvPsznS3WITQo2qzvFuj1YufUkzX2k2V4R9RRiom","preKeyId":10776608}}},"version":"v1"}