{"_sessions":{"BV/d/O27H+mV9WA/WEEGAAOhqiHIIdW4KM84UnGg8oQI":{"registrationId":1541328041,"currentRatchet":{"ephemeralKeyPair":{"pubKey":"BeBkbjNnW03UHVYs+eN3CIRFV8MXCKCHYtxmeWhafD95","privKey":"iDJd+wZUCUhKrEFYnITXzz4Dp8ovvykisDuaNVzkc20="},"lastRemoteEphemeralKey":"BWzWIhTNy+eQJ96LaGra0187ZJL7+jJ4hshQ+78APvlD","previousCounter":0,"rootKey":"lHCDofuGRCXnpxPkRCEz1C8j1wnyooNzUpH2jBgs0FU="},"indexInfo":{"baseKey":"BV/d/O27H+mV9WA/WEEGAAOhqiHIIdW4KM84UnGg8oQI","baseKeyType":2,"closed":-1,"used":1750617268593,"created":1750617268593,"remoteIdentityKey":"BbRrBetfywQMHRAR+5zz+H75L2QnUuyLaKFSlWvJ8H1t"},"_chains":{"BWzWIhTNy+eQJ96LaGra0187ZJL7+jJ4hshQ+78APvlD":{"chainKey":{"counter":1,"key":"Mn8zeEYt80Y1XbySrbhHy9G/5qBeWOXxn5KEngKztoo="},"chainType":2,"messageKeys":{}},"BeBkbjNnW03UHVYs+eN3CIRFV8MXCKCHYtxmeWhafD95":{"chainKey":{"counter":-1,"key":"WIEJELVIA+FQPP2RRu6clsGM2oEudfFkRwLTI/Tc2mU="},"chainType":1,"messageKeys":{}}}}},"version":"v1"}