{"_sessions":{"Bbubkes9CWXSHzgC4G2x/BesYSA78Bv0LXoXV4AVHB4E":{"registrationId":1666146171,"currentRatchet":{"ephemeralKeyPair":{"pubKey":"BRiNh+u5dRNnG6hT/Ge9oWuwV5f04MoPTuKKrdyByK1t","privKey":"eEkndf3PcDVrOdN4ohhMMQueLGjV0QD9M4rnxrhDn3A="},"lastRemoteEphemeralKey":"BQkOMd6V/SZM0t7TBITQRcD45D4u23HDnUHWBP6F/t4y","previousCounter":0,"rootKey":"TqUkwg4wlcNMNBrmzy8Sx4o0pLOVGwfk8TLbLvQ5/k0="},"indexInfo":{"baseKey":"Bbubkes9CWXSHzgC4G2x/BesYSA78Bv0LXoXV4AVHB4E","baseKeyType":2,"closed":-1,"used":1750578670477,"created":1750578670477,"remoteIdentityKey":"BZMornq51x7P23WZouCNzkNFJYNplFKCyCNXqzcCJBBH"},"_chains":{"BQkOMd6V/SZM0t7TBITQRcD45D4u23HDnUHWBP6F/t4y":{"chainKey":{"counter":0,"key":"RKxFvKzGIHRdaUT+gBXsIutZkJLeiI+gcnwlYor7ScI="},"chainType":2,"messageKeys":{}},"BRiNh+u5dRNnG6hT/Ge9oWuwV5f04MoPTuKKrdyByK1t":{"chainKey":{"counter":-1,"key":"DqIcN207uc6Ce0pA39FQvJH8NfUASLjC/tc1fsKYDsk="},"chainType":1,"messageKeys":{}}}}},"version":"v1"}