{"_sessions":{"BZma+P+j9k5BzkXVT9o4MnO/j8KqOAVHO1PgLKBz+cgQ":{"registrationId":185685741,"currentRatchet":{"ephemeralKeyPair":{"pubKey":"BegklX6iZ4jWOI4UoaOkUC6z0Dj9lGFmnnn5CErgdMwh","privKey":"IEpsmQvPeEMTMBFblZhAAORu5saFvZDLqrR+zYh8+HM="},"lastRemoteEphemeralKey":"BeDStt0q7P1q80VcW0PiNhdlofG3WL3u6ojXNHgcHH5x","previousCounter":0,"rootKey":"HXXKeVBKxes3eSsKPVNRMKCDaJodKl0ZB2jv5frlso4="},"indexInfo":{"baseKey":"BZma+P+j9k5BzkXVT9o4MnO/j8KqOAVHO1PgLKBz+cgQ","baseKeyType":2,"closed":-1,"used":1750616855486,"created":1750616855486,"remoteIdentityKey":"BfBk44O3H1qrVJ/dXNDlEZ77GV82zJ2NfE3Pey14K9Fg"},"_chains":{"BeDStt0q7P1q80VcW0PiNhdlofG3WL3u6ojXNHgcHH5x":{"chainKey":{"counter":1,"key":"QDsvqYeU/TlA/9pKPYn0jEEetb7eKE1vDTR72EF6lHw="},"chainType":2,"messageKeys":{"0":"QqAH1l9VeV1deji+I0k+sjna9c0dqZfAHyg8x48l5es="}},"BegklX6iZ4jWOI4UoaOkUC6z0Dj9lGFmnnn5CErgdMwh":{"chainKey":{"counter":-1,"key":"B6q0MzQxGfyFYFV11ml3fasKh3Ss3JkhRIbmj82pVIw="},"chainType":1,"messageKeys":{}}}}},"version":"v1"}