{"_sessions":{"BcfCgcFkBS6ngWP7o4PbogpZz1V6sJn2+GvXouD1jvgg":{"registrationId":1385001743,"currentRatchet":{"ephemeralKeyPair":{"pubKey":"BfiqflL+l2Lp1Qqo7CIK3HGtUga6rjaWYSL1qvFWhSdk","privKey":"GOEqzcIUlUXlogDRn6nyeI79SIWbCX47+rv2bqmudUM="},"lastRemoteEphemeralKey":"BQPAcVcHbJNh8rzdJ0ZCZdGh6ghrsPJUjA4k9utlwv8F","previousCounter":0,"rootKey":"vTycf+v66Dqa7W0qb9jLq6c5NxwdFtdg056nYDG7ccs="},"indexInfo":{"baseKey":"BcfCgcFkBS6ngWP7o4PbogpZz1V6sJn2+GvXouD1jvgg","baseKeyType":2,"closed":-1,"used":1750592327356,"created":1750592327356,"remoteIdentityKey":"BXKvuMZ1ksQNihfXTvbSh3N45gNcx/A9Wse+iFx9Xh9j"},"_chains":{"BQPAcVcHbJNh8rzdJ0ZCZdGh6ghrsPJUjA4k9utlwv8F":{"chainKey":{"counter":0,"key":"mJG13ccDUL23VBjp7w/du2JrQIFo8el5ZEGEKjceqW0="},"chainType":2,"messageKeys":{}},"BfiqflL+l2Lp1Qqo7CIK3HGtUga6rjaWYSL1qvFWhSdk":{"chainKey":{"counter":-1,"key":"P+RXWzYLMQpCAP5INuTUDtAqO4n3TUMF/rAmxH4Ss1Y="},"chainType":1,"messageKeys":{}}}}},"version":"v1"}