{"_sessions":{"BTDx9RinYJmOPDJESgRZmC7aYmhHlnmHaJdTd+WO/Hts":{"registrationId":450394777,"currentRatchet":{"ephemeralKeyPair":{"pubKey":"BYF73/FhHwYmdD/93xRZHsbc5scJp4tO0NUlqyjbGNVK","privKey":"mOqbxMpCgbaUFvgrHKnCDPB5V9JATFD5J3kl3kacPWE="},"lastRemoteEphemeralKey":"BTE5uUfwy9wonRBUcQWrwjKOZlU54vyxOu8RoZBIO0R6","previousCounter":0,"rootKey":"PqcNWKxM5MfGTiqI2YbXMuo+nOZQsIIendmV4RR28fk="},"indexInfo":{"baseKey":"BTDx9RinYJmOPDJESgRZmC7aYmhHlnmHaJdTd+WO/Hts","baseKeyType":2,"closed":-1,"used":1750588680889,"created":1750588680889,"remoteIdentityKey":"BcKrEfpewam/AsaKiT9vE3u5s0zm146RHAO1ezuPXwYP"},"_chains":{"BTE5uUfwy9wonRBUcQWrwjKOZlU54vyxOu8RoZBIO0R6":{"chainKey":{"counter":0,"key":"GMo/gK4drbJ1B2ftQdovGeId7A6onBqGP3kuCII+nao="},"chainType":2,"messageKeys":{}},"BYF73/FhHwYmdD/93xRZHsbc5scJp4tO0NUlqyjbGNVK":{"chainKey":{"counter":-1,"key":"J1HJpGo72sBY45tkwBmE3ioLvKfugEBag/nL5CPJKXU="},"chainType":1,"messageKeys":{}}}}},"version":"v1"}