{"_sessions":{"BZ7skeZr4g1WoAbBKK1QpFbrWqw3qwUbtS71/aqJtHcv":{"registrationId":2035614412,"currentRatchet":{"ephemeralKeyPair":{"pubKey":"Bd7ipFQVbYXTeJubuKOE9Cm3BPcV9caU2GK5L1y9qEs/","privKey":"MMtP5RhDT+mtyh8aDAZPLLVdlIWdocFM25zHWAHwsHo="},"lastRemoteEphemeralKey":"BaGec2SlCMTfWgvY6aDRuCcmOkn8yvcsCjk3ZxF4hJxh","previousCounter":0,"rootKey":"MXX2Ay7F6JeCT168lkKxVE+4mB6o1kMc6/Zh5OL150A="},"indexInfo":{"baseKey":"BZ7skeZr4g1WoAbBKK1QpFbrWqw3qwUbtS71/aqJtHcv","baseKeyType":1,"closed":-1,"used":1750608416079,"created":1750608416079,"remoteIdentityKey":"BTF3G5TPBznO4SztbXWXoY7x8n7L+b4pa3LN53zW4tpt"},"_chains":{"Bd7ipFQVbYXTeJubuKOE9Cm3BPcV9caU2GK5L1y9qEs/":{"chainKey":{"counter":0,"key":"RGjr03lKKTIOtg1PYLXt4HxTC3prwFDUEzD0fyIhkC0="},"chainType":1,"messageKeys":{}}},"pendingPreKey":{"signedKeyId":1,"baseKey":"BZ7skeZr4g1WoAbBKK1QpFbrWqw3qwUbtS71/aqJtHcv","preKeyId":235}}},"version":"v1"}