{"_sessions":{"BR1Zxan7cWbFIfYfYZMhqy8eCfIZ8kQ4DdERVPj+Vvcd":{"registrationId":2049646340,"currentRatchet":{"ephemeralKeyPair":{"pubKey":"BchDmSaMTQg9aIYVy83Br5W8gwiWfflXu4u8K8OqI1ZQ","privKey":"4FN8oKsQF9jwxQa0e/CCkaqElnnN97Vjxejabcc1Zno="},"lastRemoteEphemeralKey":"BaELTwbp8kDmpyn22c+xzxICiByn3gi4l3em1RWLfs9h","previousCounter":0,"rootKey":"+AnK0G/eA5CteAxLUkkfdTu7VxMwdNeHgfYuKjI5BQo="},"indexInfo":{"baseKey":"BR1Zxan7cWbFIfYfYZMhqy8eCfIZ8kQ4DdERVPj+Vvcd","baseKeyType":2,"closed":-1,"used":1750614939415,"created":1750614939415,"remoteIdentityKey":"BXQad3eK5g2wbTKIIZMCMh72HmGcA8nCjS8gGV0CVtgL"},"_chains":{"BaELTwbp8kDmpyn22c+xzxICiByn3gi4l3em1RWLfs9h":{"chainKey":{"counter":1,"key":"YYdMyfOw/q+bkN/PEWp4YmywJ9LtwBa2mXPNDYbIoLY="},"chainType":2,"messageKeys":{}},"BchDmSaMTQg9aIYVy83Br5W8gwiWfflXu4u8K8OqI1ZQ":{"chainKey":{"counter":-1,"key":"sVf1RGaJGZCyolQ/BPSRkl+KoLgkoeYLzkP+zEEdouw="},"chainType":1,"messageKeys":{}}}}},"version":"v1"}