{"_sessions":{"BVvH1habNliciJhUdWavEfKG3VDffL45GA2uegjUuhQP":{"registrationId":355,"currentRatchet":{"ephemeralKeyPair":{"pubKey":"BbqMYmCeP+G0wzTlaMJkHD1LO7I9J3fazYE2ZdwzC/tQ","privKey":"8DrneD2YcSseiHD2eaADc4vp8aCVmXNHqfqfpM/AAl8="},"lastRemoteEphemeralKey":"BS+HQDhAmLFa+0VO/Snyc6TTXYNwOwVCGFaS/KUfIuZk","previousCounter":0,"rootKey":"zFYJu8N9hGgC3j2eT/DIJ35VHKjYSHYNtQCKsuy59G8="},"indexInfo":{"baseKey":"BVvH1habNliciJhUdWavEfKG3VDffL45GA2uegjUuhQP","baseKeyType":1,"closed":-1,"used":1750608416186,"created":1750608416186,"remoteIdentityKey":"BV3veTQ6/t4yOuR7vLoNQQMxkCfnhC0jBrkH/tbOU99h"},"_chains":{"BbqMYmCeP+G0wzTlaMJkHD1LO7I9J3fazYE2ZdwzC/tQ":{"chainKey":{"counter":0,"key":"GJK2GqDD4m5dNk++DYwLTxZ+ruikqT52UevK6IrD2Hg="},"chainType":1,"messageKeys":{}}},"pendingPreKey":{"signedKeyId":2,"baseKey":"BVvH1habNliciJhUdWavEfKG3VDffL45GA2uegjUuhQP","preKeyId":2997}}},"version":"v1"}