{"_sessions":{"BQF6VdC5nCZLaNtFv2wxXdKSN7kddwW+qvLSPwcdD2IO":{"registrationId":2047186840,"currentRatchet":{"ephemeralKeyPair":{"pubKey":"BYKmL9kFQr4tNyTQibjYLFe5Hz4N1tguYz43w9hvgo0i","privKey":"SGVTmP2hoNt9ADOGWnIVUGfG7tEywuf/haqnJTh1LGs="},"lastRemoteEphemeralKey":"BQgSMPfKtP+FPRthgcQqRhWQrXPdwIBzGw1POBFseAgL","previousCounter":0,"rootKey":"TVQujs5+5jSBfmlAFJgfumHBvltwOKcYeeooBzAdSq8="},"indexInfo":{"baseKey":"BQF6VdC5nCZLaNtFv2wxXdKSN7kddwW+qvLSPwcdD2IO","baseKeyType":1,"closed":-1,"used":1750608417176,"created":1750608417176,"remoteIdentityKey":"BeUBwvUt9jPmLcBRprj21ZziTTDyI2m2Vhlk63nu+7JW"},"_chains":{"BYKmL9kFQr4tNyTQibjYLFe5Hz4N1tguYz43w9hvgo0i":{"chainKey":{"counter":0,"key":"cEcSimA5m83Fips6y8aQbukw2cS3fZgJiIlCrj5nEnk="},"chainType":1,"messageKeys":{}}},"pendingPreKey":{"signedKeyId":7216889,"baseKey":"BQF6VdC5nCZLaNtFv2wxXdKSN7kddwW+qvLSPwcdD2IO","preKeyId":5084}}},"version":"v1"}