{"_sessions":{"BTSd6rN0xhEWnUgm2AxbQxkY6Nuv53ix7Sxx2K2nbM10":{"registrationId":894914288,"currentRatchet":{"ephemeralKeyPair":{"pubKey":"BTfYY80gPGLhaY+szLE6FypD3iKh6OqkIgKBoU9w04RM","privKey":"GMWcnOk0pdzoJeTJKRgelF8Uo0KEykJtHX7znWBq03g="},"lastRemoteEphemeralKey":"BR7MPbHN5M2G3r8QNS4zDYcCMZzctV6fYEjrigCk5eYh","previousCounter":0,"rootKey":"e3HLnKWqBf2ZsT/e2np8gcv2wFkyBC5S9Cvyj0PFExI="},"indexInfo":{"baseKey":"BTSd6rN0xhEWnUgm2AxbQxkY6Nuv53ix7Sxx2K2nbM10","baseKeyType":2,"closed":-1,"used":1750580663199,"created":1750580663199,"remoteIdentityKey":"BT4RHOPR/KhH0oF10LJFCm0GbFyP256sy+hkJJnlxnYJ"},"_chains":{"BR7MPbHN5M2G3r8QNS4zDYcCMZzctV6fYEjrigCk5eYh":{"chainKey":{"counter":0,"key":"maELBBdKF2HxYy9cmSmlud/YdCmIsn69RMh5EmrlFOg="},"chainType":2,"messageKeys":{}},"BTfYY80gPGLhaY+szLE6FypD3iKh6OqkIgKBoU9w04RM":{"chainKey":{"counter":0,"key":"sc2NKTatgG/LJvl3onCa2R+MNxOCaowe+IxwJZerZ1g="},"chainType":1,"messageKeys":{}}}}},"version":"v1"}