{"_sessions":{"BROaFIAkr06rq4tacyg7B1m1xYmOYpLbA6ou28HFwQcm":{"registrationId":19385400,"currentRatchet":{"ephemeralKeyPair":{"pubKey":"BeZkQfhVwAtGsaQrlWJz7eShKpW9dLyjFriFLp0ZDjRM","privKey":"cJ7q6QiZD91klPZdfnDXtU7YOb+y/nirrAl+gNx0Hk8="},"lastRemoteEphemeralKey":"BTrNCTSoOQMb55eLmPIg3DzuBtpsqkz9qrfezuayLLR2","previousCounter":0,"rootKey":"WeUM21+I0/tcL6vxGO5vycfvVuH7+PiAmt5FfrTQ+uA="},"indexInfo":{"baseKey":"BROaFIAkr06rq4tacyg7B1m1xYmOYpLbA6ou28HFwQcm","baseKeyType":2,"closed":-1,"used":1750599908652,"created":1750599908652,"remoteIdentityKey":"BbCrt5Lvbcd4Dw2FiCLfAmzwibgz3S4aF5iN8s1HfPtj"},"_chains":{"BTrNCTSoOQMb55eLmPIg3DzuBtpsqkz9qrfezuayLLR2":{"chainKey":{"counter":0,"key":"B3C3gaLKC1OnCYHb/ZC8AFtBslXg2N5/jXv+ddCp6X0="},"chainType":2,"messageKeys":{}},"BeZkQfhVwAtGsaQrlWJz7eShKpW9dLyjFriFLp0ZDjRM":{"chainKey":{"counter":-1,"key":"hOUOplgHPcc6+GrJk0PWWFUY7hR6QZWhfi03EapwOWc="},"chainType":1,"messageKeys":{}}}}},"version":"v1"}