{"_sessions":{"BfuG5jZR8LoEXK/JHTCs0jsHXbJMCfeG87pedjIUqade":{"registrationId":494817355,"currentRatchet":{"ephemeralKeyPair":{"pubKey":"BXugfg8rsuFtKl/0W26EEhrysk67m+0ECdnIbng39Joy","privKey":"ULko2u2m1AKbfdor6iYn1poYvubKDed93857J32ZV0w="},"lastRemoteEphemeralKey":"BQzaHicFLOi6kUlJQQAy3Ydh9NnTdoS9t5U6yXdeaVdM","previousCounter":0,"rootKey":"3Z0RYcxchGVcHnkTfj193vzw+RCVwLRN+luNY26r4hs="},"indexInfo":{"baseKey":"BfuG5jZR8LoEXK/JHTCs0jsHXbJMCfeG87pedjIUqade","baseKeyType":1,"closed":-1,"used":1750608416181,"created":1750608416181,"remoteIdentityKey":"Bco1B2ICF67B7CToK71ij+7tIp/35Kvz1VHZ+F2hhsxV"},"_chains":{"BXugfg8rsuFtKl/0W26EEhrysk67m+0ECdnIbng39Joy":{"chainKey":{"counter":0,"key":"MNn8LLZuVtI67JUgngLfq3AJUs06yJddfwqD2So0A8w="},"chainType":1,"messageKeys":{}}},"pendingPreKey":{"signedKeyId":1,"baseKey":"BfuG5jZR8LoEXK/JHTCs0jsHXbJMCfeG87pedjIUqade","preKeyId":150}}},"version":"v1"}