{"_sessions":{"BV5S26OkTFqYNbyPEk+HJd6NyyCYMxGE5K5IJyLgMKlv":{"registrationId":1787931066,"currentRatchet":{"ephemeralKeyPair":{"pubKey":"BReR/uRunPt4DmkJYp/1m/X+xHi/uo75HdrYkix9LQcr","privKey":"oJgo9bDamLDAxgV1L3LvfKSxCWnMGZxK1zcoy+DM+Ww="},"lastRemoteEphemeralKey":"BXSSJX+N1NQ8a8gvyDt73BALRFczZgXjTNPBaxTL6Rwo","previousCounter":0,"rootKey":"JmSBukijvzcSfSfGUeA6E+FC2y7ZbgfH6xo7+Ud2f90="},"indexInfo":{"baseKey":"BV5S26OkTFqYNbyPEk+HJd6NyyCYMxGE5K5IJyLgMKlv","baseKeyType":1,"closed":-1,"used":1750625923464,"created":1750577786371,"remoteIdentityKey":"BaPFjVfhQz9BUBFeZkl/d+b6vuV8i3CBPlEBHzK+mdtF"},"_chains":{"BbiCUh0rE0x04AFSo4wD66LaKf+x4AtQZ0RcMmeohD8Y":{"chainKey":{"counter":0},"chainType":2,"messageKeys":{}},"BVBYBBH6fsNBylcD0ayBh3ynre5/w+Ye5AUwfx3X3Ft0":{"chainKey":{"counter":2},"chainType":2,"messageKeys":{}},"Ba8KtKe2o4I/0gf+YddljFRzhJ4uugP1vt0CTRykFZoP":{"chainKey":{"counter":1},"chainType":2,"messageKeys":{}},"BZgg/PAlDDWyDzzMRuACg9VOuzTP4sPYZ/lHw1PP7uRg":{"chainKey":{"counter":2},"chainType":2,"messageKeys":{}},"BV+6vI1mS4YTUFhnnGIRAhel9RkgIWJuZ7IXmMmNShx+":{"chainKey":{"counter":1},"chainType":2,"messageKeys":{}},"BVrcvHlmoH4SIbsVkEm2SayWvVIBzfe7Vp/xlXq9tV1o":{"chainKey":{"counter":1},"chainType":2,"messageKeys":{"0":"mECvCQbk45TqwDNmhcUXkwuUGs79zo3z8Nz47iDCang="}},"BauGcwqmEcQOqGFbDlJMfQC/KP5mrl1FPzTl6ChNCYZt":{"chainKey":{"counter":0},"chainType":2,"messageKeys":{}},"BaDLBlvLIX2QdZvyptXbIWy0xdqu8QojhMy7qXD/e1dv":{"chainKey":{"counter":0},"chainType":2,"messageKeys":{}},"BfFef9R/EgA99tpjF90xbKBibIt/pk3Gf/OR9mH5M4xN":{"chainKey":{"counter":1},"chainType":2,"messageKeys":{}},"BXBChbfIJOscs6e1hsbCuriRX8u9DApIxCX9IXTOYZII":{"chainKey":{"counter":0},"chainType":2,"messageKeys":{}},"BSgx30aM4RppIwn+Powleiu54CgBYZbbYV/xDAjwaVpj":{"chainKey":{"counter":0},"chainType":2,"messageKeys":{}},"Ba+F4gfJ2MJ/ngWnGwS+w2w/X1gY0grvJWkVQsREhBlc":{"chainKey":{"counter":3},"chainType":2,"messageKeys":{}},"BWQX58Xv+ty1dIGRfSkPO+y8+VzB5S6TalsTLnWaYNJj":{"chainKey":{"counter":1},"chainType":2,"messageKeys":{}},"Bfv+R3HgktQxNA8Iw+tVsyQbDzLyXuzp0KyIARbNFLZj":{"chainKey":{"counter":11},"chainType":2,"messageKeys":{}},"BeaXBhLeizlFjr6Xi/6gbb3Az0rkzHa1/cUoKt3bLaUw":{"chainKey":{"counter":0},"chainType":2,"messageKeys":{}},"BTa8/0xXUQRmhaih6Qg8IX6gbMj5FnrAgX1rmbSkCkMv":{"chainKey":{"counter":0},"chainType":2,"messageKeys":{}},"Ba5S436SjOFLSyQcRwKQWsYt6l4ad0HZdGcPYQt78aQb":{"chainKey":{"counter":4},"chainType":2,"messageKeys":{}},"Bd+aDQSmVa/YOEFM2b1+GwziOyONyVhCHtrKilg+Kb1v":{"chainKey":{"counter":12},"chainType":2,"messageKeys":{}},"BU2NZvZF51yE4jZDWIx0BtKcNLc7PphUGarR9UpyYFgo":{"chainKey":{"counter":0},"chainType":2,"messageKeys":{}},"BTOZPjfJSD1Qn6Xb0r4pHsM1JpetjX6WAX3mm42fvZc0":{"chainKey":{"counter":0},"chainType":2,"messageKeys":{}},"Ba3HOyLjirILwlP+Pjgwj3AGzrx2wQU0jzg+/YZkzZcn":{"chainKey":{"counter":5},"chainType":2,"messageKeys":{"4":"21NO4ogmYACx9c+I2xG76bbljYKnFGowxxIYWSJFN3Q=","5":"ZzlM9vYoKhiFKvTDDWuCg5ufz/h3VUslGSd58FfGdqs="}},"BS6yNjBAEpKgUS9vYmyZd/6/VRt3E6L5NNEkrWjFJupt":{"chainKey":{"counter":19},"chainType":2,"messageKeys":{}},"BRZMpDvltGANLkxME0O6bowr7U/BjkcnKVeUFFh6ObhA":{"chainKey":{"counter":56},"chainType":2,"messageKeys":{}},"BVEZN+gGITIKfoFWNcys/BuHCp4YTgm0rH8LrdDEcxh4":{"chainKey":{"counter":0},"chainType":2,"messageKeys":{}},"BZfXFmThbgIPId8XoCLXuUYpBuiFTR5VX+VseivlEjZD":{"chainKey":{"counter":0},"chainType":2,"messageKeys":{}},"BQ01kjvRCFfTkLlq5O6PMoV693T1vRUL+FIpTaJbSaVS":{"chainKey":{"counter":0},"chainType":2,"messageKeys":{}},"Bf4OtKbbqd4FfVh7NL3rkAANteFZ9ovkbw+pKFKi2eR3":{"chainKey":{"counter":0},"chainType":2,"messageKeys":{}},"BS0Z4y3/vtR6kEqnP6Egl8bIkIhw1Qk3D5/fmTEcDs43":{"chainKey":{"counter":0},"chainType":2,"messageKeys":{}},"BUmDhbccS17gy16bj2hd1aJbiszwK06WTDEpEguOQuF3":{"chainKey":{"counter":0},"chainType":2,"messageKeys":{}},"BQm9sta0FBwa0Z+k8b6DiK76zxMSPJSr/zm5tQhEduJi":{"chainKey":{"counter":0},"chainType":2,"messageKeys":{}},"BbOmsFjKJx8JKGubCo65eFfHvNgc/U+VQamWFodJungp":{"chainKey":{"counter":0},"chainType":2,"messageKeys":{}},"BR3mDrBGzLciX7xPTXkzf4M1uSfOEMpg22TMPO9HQFtO":{"chainKey":{"counter":0},"chainType":2,"messageKeys":{}},"Be3aeRx+du0JC5SQMDyfNDZIJKoCGdX6AUTfVQLSuJB+":{"chainKey":{"counter":0},"chainType":2,"messageKeys":{}},"BSSpLQKLytPKLQY+GHgMlPNmTPNb+6Z1jODOMZAwoodZ":{"chainKey":{"counter":0},"chainType":2,"messageKeys":{}},"BeSLaly9cUoh2Mvnb8gO9a8q6PHX/VFGDw55Sb+jg3wZ":{"chainKey":{"counter":0},"chainType":2,"messageKeys":{}},"BeJObnjTVrcLo2uHAgjtKYhIsYb3nPaBEgDcT2GlNX4r":{"chainKey":{"counter":0},"chainType":2,"messageKeys":{}},"Bb2lXmw1BzwrS6cmhsTLqK58pz5X/NqFanrHQrv9a4Uc":{"chainKey":{"counter":0},"chainType":2,"messageKeys":{}},"BTtOpl6I4GnLywT5ZwSbVqdsFj9l+GWLTYY9drA2iW5C":{"chainKey":{"counter":0},"chainType":2,"messageKeys":{}},"BWc6FlVgRpkBraKSTpWVeJAhXmJ8vRoXRLxeOIqOEFFh":{"chainKey":{"counter":0},"chainType":2,"messageKeys":{}},"Ba1HxJPaqknUeO+/x8x5sf+htzGRjY9JiSQIxoqMujF2":{"chainKey":{"counter":0},"chainType":2,"messageKeys":{}},"Be7NsdTEpCwUP1gj8znPMTa0J2m1d14Zn8Fij6ynZxMC":{"chainKey":{"counter":0},"chainType":2,"messageKeys":{}},"Bex5ogKGmJlb/HS3+dsgSX3hOcWjcEasys6Bta6bAolG":{"chainKey":{"counter":0},"chainType":2,"messageKeys":{}},"BVqltILPcr9P/m3xzE1zE5IJ8FXqpDcDe+PkTf9oDIYJ":{"chainKey":{"counter":0},"chainType":2,"messageKeys":{}},"BYQrfoL72NeIcFzlms3CC+w8PTw10AEmkwN5zw6vOBY9":{"chainKey":{"counter":0},"chainType":2,"messageKeys":{}},"BUnDeedoQMeG+/i8nNgdd1C/kLUtZtyMo7hgUTGe9/Ri":{"chainKey":{"counter":0},"chainType":2,"messageKeys":{}},"Bao5f9QKehO2kWEpg8vHBExo0glPzcQ1HlP19SL+ncUM":{"chainKey":{"counter":0},"chainType":2,"messageKeys":{}},"BfYmp5kM5NQ0N5ujEW3YOEAyvoHpLYM5uA/aFd9fZ5g8":{"chainKey":{"counter":0},"chainType":2,"messageKeys":{}},"BXKEF+aSzxTqYJ+tMW/46tUxePMwwzo7a2/F89ipiw8v":{"chainKey":{"counter":0},"chainType":2,"messageKeys":{}},"BVzDXPGcPw8IHR/4HfrLzooLKxBeg3Mi2Bnvx7LI2W98":{"chainKey":{"counter":0},"chainType":2,"messageKeys":{}},"Bb+hl8fArBaFPW5ZNEKaVdQG3LlgSlWsy5GxU2b8h0gn":{"chainKey":{"counter":0},"chainType":2,"messageKeys":{}},"BTkSgCyZVwXhpj147PDi6CwphZA7Ze271xezNjbhy2UT":{"chainKey":{"counter":0},"chainType":2,"messageKeys":{}},"BYVEW4nBeCeT4nwovOFF7TdsNd0SYTAI2eRnEKktUj1P":{"chainKey":{"counter":0},"chainType":2,"messageKeys":{}},"Bc0tMLXke3qh9mt2VhB0rBj+sLrsgW+1zU3oeaowQCg6":{"chainKey":{"counter":0},"chainType":2,"messageKeys":{}},"BQrc61TCloppCaTjAW6FL2Y2erzCSQV69mSUdGlY40l6":{"chainKey":{"counter":0},"chainType":2,"messageKeys":{}},"BbNtmg8GuXeQgfFPyFP9sOVTg1W9TU9A3Fzszd/jGnt7":{"chainKey":{"counter":0},"chainType":2,"messageKeys":{}},"BQdz52h8MgyMrdMrhah67Ureue0kzkpZJhq588eXmg4a":{"chainKey":{"counter":0},"chainType":2,"messageKeys":{}},"BSEE3JMdV3y2zaFicCnEhjr4aeBFSYGIjSawbs2uoZ0g":{"chainKey":{"counter":0},"chainType":2,"messageKeys":{}},"BXtOaM9YA1GbGCFUkbky5OmLkKHdcWZWzoiyAJAmygFy":{"chainKey":{"counter":0},"chainType":2,"messageKeys":{}},"BQP60/ha+0u9PA6y0J8hcnCvV6HaziU6LnoeqSSVj5wc":{"chainKey":{"counter":0},"chainType":2,"messageKeys":{}},"BTVXfCjK7+okSWTXbkpikirtJXGggljFrSJZ5YpPa0do":{"chainKey":{"counter":0},"chainType":2,"messageKeys":{}},"BdPfoazz0kla+p6cKd7WqYi3MV7UQ6dY6kxvjDe9ab9A":{"chainKey":{"counter":0},"chainType":2,"messageKeys":{}},"BbE7tDPTqrlzX0+m+LJ66GPKc+tN21idDNSouc2+4kYQ":{"chainKey":{"counter":0},"chainType":2,"messageKeys":{}},"BY4P8jT6+FUEpcCLbv8fG10pdjZhF0eyJapVPMrkxX9l":{"chainKey":{"counter":0},"chainType":2,"messageKeys":{}},"BTFOlmFI7r8akrvskX/wttHxqox+qZ25u+8DtgY5N7lK":{"chainKey":{"counter":0},"chainType":2,"messageKeys":{}},"BcD9/XWmgAwgp7S/JHzJa8Fx4HelSmZeiafG7z1KM7EO":{"chainKey":{"counter":0},"chainType":2,"messageKeys":{}},"BTMnDrJ5Wu1H2RTXA2DSNARM9e80FH1YKWGLIZphlWV0":{"chainKey":{"counter":0},"chainType":2,"messageKeys":{}},"BdvoXXQArTrCXxdD6RQJvhz7VDM1QFfFhcw42UFA0qM3":{"chainKey":{"counter":0},"chainType":2,"messageKeys":{}},"Bcyx+UH+8zqo9nswW4pmiQhazvcDHRGjxiDwjVDu04I/":{"chainKey":{"counter":0},"chainType":2,"messageKeys":{}},"BTw1fA00hNRLLSBkTm0U3T29mkfSUc69U4XuqXteqFxQ":{"chainKey":{"counter":0},"chainType":2,"messageKeys":{}},"BRp0Qt9y8h4N9mAstpWrPC81pjuBfPMLgoYi7xugRv4d":{"chainKey":{"counter":0},"chainType":2,"messageKeys":{}},"BbCMgQf/BHx+Dv7BOkKC3kSQry8H48igEz2C8M1rRXZa":{"chainKey":{"counter":0},"chainType":2,"messageKeys":{}},"BR+ODTlMEsRlBS0LVeaq+yFL0d9tvlC+A29MOODSeSU5":{"chainKey":{"counter":0},"chainType":2,"messageKeys":{}},"BWdKU35Znj9u+tDmo8t5A5jsJXApf1gVbkL+FsJk6pIo":{"chainKey":{"counter":0},"chainType":2,"messageKeys":{}},"Bfl2r4O4eWV0My2YorkPyXJaSdq/Wqpp0+w1qCaJYIF2":{"chainKey":{"counter":0},"chainType":2,"messageKeys":{}},"BVmj717thY+DLhzC+V9rNmVixK2Zk2vNDawpgSpxBcEk":{"chainKey":{"counter":0},"chainType":2,"messageKeys":{}},"Bb6jOT9xcTlojdkggRhjM6Mo6RU+CJI7SHcEDhgrsuMd":{"chainKey":{"counter":0},"chainType":2,"messageKeys":{}},"BZ4wDD5Ogv8Jg1jf0QT7k9SoNMW6wvJIKXBdNWUwB2EW":{"chainKey":{"counter":0},"chainType":2,"messageKeys":{}},"BdIFJC9zLT5v3FzZbBQ2HogipznjDTdo5bFCUgrftzpE":{"chainKey":{"counter":0},"chainType":2,"messageKeys":{}},"BZbOjErwC7pY8jtv6w/9c4x3Bi6y6JpfvDUmNq/0va5Q":{"chainKey":{"counter":0},"chainType":2,"messageKeys":{}},"BXDHZMkkYTJe+exl3nSEUkt5M6TdJhz1iKSaBgcdu3xO":{"chainKey":{"counter":0},"chainType":2,"messageKeys":{}},"BSDmtGMCmas4xkU3sDzpKP4OUkzZJtbWphJLdKCcxzYw":{"chainKey":{"counter":0},"chainType":2,"messageKeys":{}},"BdTgRDQ6wxGWprJesaRa4Bih81IPnemP2GWBzdj8rkoe":{"chainKey":{"counter":0},"chainType":2,"messageKeys":{}},"BbXIo39WWjXEwBYZFmjUL30ECwZrgEddhDHRhAygOt0Q":{"chainKey":{"counter":0},"chainType":2,"messageKeys":{}},"BVpLXC1kUQpahZb3ajZKocfHGVzEI3NKZbV4sfBBdxY7":{"chainKey":{"counter":0},"chainType":2,"messageKeys":{}},"BcUl41plOuNtA9LkK36DHoAitwOunZxCk79+V90kAjcM":{"chainKey":{"counter":0},"chainType":2,"messageKeys":{}},"BQV9CMa1NcjUiu3+a8+Ew6QtQpgyOrs3pybNBai93MMA":{"chainKey":{"counter":0},"chainType":2,"messageKeys":{}},"BS6bU+NHuajxB4PjWtEutp1fVy2Trq8GWaRP3u7prj9G":{"chainKey":{"counter":0},"chainType":2,"messageKeys":{}},"BVLegVd70AKeLWdvHxySw/YUQrYRE+Hg72aGCDNayT8C":{"chainKey":{"counter":0},"chainType":2,"messageKeys":{}},"BVFwMH/5PS9Yd10IhSMdXQN9iUZHElqoiG5PL6+cGZ81":{"chainKey":{"counter":0},"chainType":2,"messageKeys":{}},"BYYFPAnoOu0ejk7r4RzjmELT3vp2VFvAiwznHUvGBgA0":{"chainKey":{"counter":0},"chainType":2,"messageKeys":{}},"BYlh5u7pF/VxroAf68bRkviJe7eMGNlyhlJ3pLrQCq5m":{"chainKey":{"counter":0},"chainType":2,"messageKeys":{}},"BfGayE5neE2NCs+nvryN7JPUjVwiTsv19FLVVFg5WJ0U":{"chainKey":{"counter":0},"chainType":2,"messageKeys":{}},"BRwCqr2pYXRpiezVDchwKKoWvFOelwpf4OMANz9kzNJ4":{"chainKey":{"counter":0},"chainType":2,"messageKeys":{}},"BRfGVYBWc+X8saYzYyAqZBf8zahYBzxgJWnySLFkWEo/":{"chainKey":{"counter":0},"chainType":2,"messageKeys":{}},"BRNxuegrI6gAFVuAciERG+7BoEYvkCMdT9bVWkTxG+cN":{"chainKey":{"counter":0},"chainType":2,"messageKeys":{}},"BZSr2Hb1Tv5qd+kSWitiSykDSAEDJgqwUS3SLqPCeTBa":{"chainKey":{"counter":0},"chainType":2,"messageKeys":{}},"BdmZJI2P7rGsx82iXlmzNooNBXV0jZuUrQy8MwUm5tRz":{"chainKey":{"counter":0},"chainType":2,"messageKeys":{}},"BRMstcNyWXipwWNH9qiqOXxbVc1/boLcFaahLKy3wgNq":{"chainKey":{"counter":0},"chainType":2,"messageKeys":{}},"BT4rdjNjREvzTPDAFwF7yCjEQ1kCtT/Sme8sUq6lD3wo":{"chainKey":{"counter":0},"chainType":2,"messageKeys":{}},"BfMlhNUqYqXodRBsVMCkerd7nCEOj5Kf0An17kvy9m4x":{"chainKey":{"counter":0},"chainType":2,"messageKeys":{}},"BZMUYfq4m3AaPzUdednEfkqaOPmS21di0NXhpMcMRPRP":{"chainKey":{"counter":0},"chainType":2,"messageKeys":{}},"BQxtbfS4FGr7m7Bdf0+aqqcDS8zio3GTLhdn4NlLKhwt":{"chainKey":{"counter":0},"chainType":2,"messageKeys":{}},"BVymGth8Q7Zf808iiXI6Xk/NEeoxFPa3gBO1rN/KHzME":{"chainKey":{"counter":0},"chainType":2,"messageKeys":{}},"BVfK7WNz5n9e5cpADwqQhaJF6TKf8d9+JOxrFGS591YD":{"chainKey":{"counter":0},"chainType":2,"messageKeys":{}},"BRBHAhpnb5oEnuoR/Q7cb7bSbBqtZ4KXV1e3EsGPpxZv":{"chainKey":{"counter":0},"chainType":2,"messageKeys":{}},"BfGMmI2Znt6iW2+w78Gd0KQSOn8qlx4g90B3SnNZ+9Vh":{"chainKey":{"counter":0},"chainType":2,"messageKeys":{}},"BaZ6DpmtOoIdxbRJt3wHmwpBzUH2iw9Bek6BR8jYDPxb":{"chainKey":{"counter":0},"chainType":2,"messageKeys":{}},"BfivgrVexCnnH+HqeEcBw8bh0ixCelw5o6vmzJAmJGAu":{"chainKey":{"counter":0},"chainType":2,"messageKeys":{}},"BVYSVufKAWJo6JUju1OjXiRlKS5DWmYVVB45bbvfgd8c":{"chainKey":{"counter":0},"chainType":2,"messageKeys":{}},"BRliExdyt7cUcwqop9gbOMxjcrl+J9ZG2PuuG2hbACEW":{"chainKey":{"counter":0},"chainType":2,"messageKeys":{}},"BbrfYIFfNuyGX6e4lbHEfCmDYRxc4q0WOFV2ur5+MXpd":{"chainKey":{"counter":0},"chainType":2,"messageKeys":{}},"BfV+ETU7eZkWUeUsRblIl50yuDT8SYsw6uWX0W2cq3UU":{"chainKey":{"counter":0},"chainType":2,"messageKeys":{}},"BVG3AqKEPDdR/CMDnJZ9dybdS9HpiAoTDlaPG+8rCYsU":{"chainKey":{"counter":0},"chainType":2,"messageKeys":{}},"BbpHeerHComGhmWO2OseL7jF4FWFKnDnqmlYdbG0VYE3":{"chainKey":{"counter":0},"chainType":2,"messageKeys":{}},"BfqufxL0S0/z8j8maFhCF+FG20J8m0t0IIrToY7Xg0pD":{"chainKey":{"counter":0},"chainType":2,"messageKeys":{}},"BZxuzLW7vBZs/keT1eglLLLCCvQCqDbFJCxBtc1lPYBc":{"chainKey":{"counter":0},"chainType":2,"messageKeys":{}},"Ba2JKjpdaGYXvzUY1puDJ2RIUy/2uCJwOlvpTUi8wGEY":{"chainKey":{"counter":0},"chainType":2,"messageKeys":{}},"BZaw5EXMgfp6WxGIgamZLO0KdW4mKAqjJySAUDOpA1Q/":{"chainKey":{"counter":0},"chainType":2,"messageKeys":{}},"BapiT+acigET3PeaPDfUMuxQGU638blmS16tl2F6+CQe":{"chainKey":{"counter":0},"chainType":2,"messageKeys":{}},"BfkyhoF4KFSJM0/VSoLS6qYqUyH+K789Titengzk8I0a":{"chainKey":{"counter":0},"chainType":2,"messageKeys":{}},"Bb+C4xalwv0lDu+fmYWNpqViVJwJ/uiSWghgLdmsPeB9":{"chainKey":{"counter":0},"chainType":2,"messageKeys":{}},"BR5QRnwtwlj0vInz9yzDGju2Mcvqneu4k4ughtCkG6tg":{"chainKey":{"counter":0},"chainType":2,"messageKeys":{}},"BSz6CSfVjpM0bfOpkqz5D/F21O4aMf2rKj1eXYsvI/BJ":{"chainKey":{"counter":0},"chainType":2,"messageKeys":{}},"BXSSJX+N1NQ8a8gvyDt73BALRFczZgXjTNPBaxTL6Rwo":{"chainKey":{"counter":0,"key":"/dkJW/qTtI+d8Fh5SWPdtmbYqPEK8cW4418Jp8w3+CQ="},"chainType":2,"messageKeys":{}},"BReR/uRunPt4DmkJYp/1m/X+xHi/uo75HdrYkix9LQcr":{"chainKey":{"counter":-1,"key":"Kg18ejZ+9HhqcawY9KcbpMPf2S5+ICZUIl+IJbDWL8k="},"chainType":1,"messageKeys":{}}}}},"version":"v1"}