{"_sessions":{"BZzLwycgJULRhmFObDHsl6mruXYfDuCKenX+Vvwc4tZL":{"registrationId":345910606,"currentRatchet":{"ephemeralKeyPair":{"pubKey":"BXF27DdNWKDyrV9SRkIkiuNm05QWNbPBpgtQfZTW2Ups","privKey":"wNpkLkI0USkhbH5lzCBChMX4ZRV9v/j91gLFAnLPmHE="},"lastRemoteEphemeralKey":"Ban6WoyPZ6i4IPw43r1Q1cWh4Gg6CbAKUYgNQdX6MC1c","previousCounter":0,"rootKey":"xgzx/n2sunqUyLyx4Y3TVfvEQqm74bpA3ccfMVwVLow="},"indexInfo":{"baseKey":"BZzLwycgJULRhmFObDHsl6mruXYfDuCKenX+Vvwc4tZL","baseKeyType":2,"closed":-1,"used":1750583165250,"created":1750583165250,"remoteIdentityKey":"BSImi9Gyax3ZF/2L1yPVr713innLN3flFMR9nrJwAJs0"},"_chains":{"Ban6WoyPZ6i4IPw43r1Q1cWh4Gg6CbAKUYgNQdX6MC1c":{"chainKey":{"counter":0,"key":"DV+KayucGQJT1qaFW/LCIYkl1Xbzawi2VmZGstUA7oE="},"chainType":2,"messageKeys":{}},"BXF27DdNWKDyrV9SRkIkiuNm05QWNbPBpgtQfZTW2Ups":{"chainKey":{"counter":-1,"key":"Rsji11aK8qoJwY3laUFDZqJYosaIW73KeuVK7aChviI="},"chainType":1,"messageKeys":{}}}}},"version":"v1"}