{"_sessions":{"BUWxtTCdt1Z8qwSTW+RCgwOAKIALZA+jKl3S2Z2+bB9p":{"registrationId":1115810743,"currentRatchet":{"ephemeralKeyPair":{"pubKey":"BdBD2SDwubIFUKrPJuyYgfYAwa8tmf6q9ueq75FJogh5","privKey":"KLfkb2WSdCcGC0jkOpMp8bNiuBhDj0i1/KbAocgbdE0="},"lastRemoteEphemeralKey":"BSeO1XRaDfR4PJf2Vo+rdP3GMTmBVkbhJiKO9Jf7nTpU","previousCounter":0,"rootKey":"HjMb6EILjYWq2zIPJqRZPc3A3mi1lIxyWLtl6vAcSbA="},"indexInfo":{"baseKey":"BUWxtTCdt1Z8qwSTW+RCgwOAKIALZA+jKl3S2Z2+bB9p","baseKeyType":2,"closed":-1,"used":1750595450413,"created":1750595450413,"remoteIdentityKey":"BRcNVl5kQI/ooK1hNuwDrArN582NiybYhDNGo6gnMLYB"},"_chains":{"BSeO1XRaDfR4PJf2Vo+rdP3GMTmBVkbhJiKO9Jf7nTpU":{"chainKey":{"counter":0,"key":"zRg/G0LkY5W8lt9DFtD2C1nAvcFkoeXNTDDhcX0NGUM="},"chainType":2,"messageKeys":{}},"BdBD2SDwubIFUKrPJuyYgfYAwa8tmf6q9ueq75FJogh5":{"chainKey":{"counter":-1,"key":"dYeMtie+88ZiWgHET5nr+rmb8hWsBzsGRI+ydIO69Sk="},"chainType":1,"messageKeys":{}}}}},"version":"v1"}