{"_sessions":{"BVH0s2El4FTLLnkldCAdSFYsQzJL89Buzz67Um5ivkwe":{"registrationId":13865,"currentRatchet":{"ephemeralKeyPair":{"pubKey":"BTC/pLXD+0entHKQwpkNUzF1jOKpEvnQ1gYnEhu1Cudz","privKey":"sMfrT+u5eAyFVIA5llV2Hy3qPBD03qSadur/PLHUIm0="},"lastRemoteEphemeralKey":"BS6E4aJHtX4EAADNky6T654qawYxD0b3oIsl8c0JfVIt","previousCounter":0,"rootKey":"0oPDK37ZMYg9PiJ4syYXMcAjRqTAAtjUPH5wJAG1HZc="},"indexInfo":{"baseKey":"BVH0s2El4FTLLnkldCAdSFYsQzJL89Buzz67Um5ivkwe","baseKeyType":1,"closed":-1,"used":1750608416063,"created":1750608416063,"remoteIdentityKey":"BRsOQ+BL1adhwh4YupAC/YhQ8fGfdhDuOTQ8zJWPtno3"},"_chains":{"BTC/pLXD+0entHKQwpkNUzF1jOKpEvnQ1gYnEhu1Cudz":{"chainKey":{"counter":0,"key":"B5e4TKq+7EvjUPQ8Jtgljn9TGbpxXruon7dpjl9r04o="},"chainType":1,"messageKeys":{}}},"pendingPreKey":{"signedKeyId":1,"baseKey":"BVH0s2El4FTLLnkldCAdSFYsQzJL89Buzz67Um5ivkwe","preKeyId":344}}},"version":"v1"}