{"_sessions":{"BUcrLnwaljOt71Xb38VZQ5IdwFFlqXm7WACesmG8F8Q2":{"registrationId":32465929,"currentRatchet":{"ephemeralKeyPair":{"pubKey":"Be4Hd9/AjOwkw3YDlzMsasy1yAZ3/DMIjFc+hovOWexK","privKey":"YOmctdpGyKbg3wsVQUIk49KpYX0gl6r+8aU/gq/pPU4="},"lastRemoteEphemeralKey":"BZAwUn8umTbpPlvCD7tQuUiv8fQT5HhcLyCH1kLykBov","previousCounter":0,"rootKey":"M/chFLHuRiLfBC+I0EMwzFo6en/2c9UgiIdK2FaRAj8="},"indexInfo":{"baseKey":"BUcrLnwaljOt71Xb38VZQ5IdwFFlqXm7WACesmG8F8Q2","baseKeyType":2,"closed":-1,"used":1750581732307,"created":1750581732307,"remoteIdentityKey":"BSqBjklOlvPgIguC2fPodV0hrImhQ5oREL5j2VidS3BK"},"_chains":{"BZAwUn8umTbpPlvCD7tQuUiv8fQT5HhcLyCH1kLykBov":{"chainKey":{"counter":0,"key":"7jrfKAZJodGanqWec2ruBMsZuj4GA5AReUdSYQOZrLY="},"chainType":2,"messageKeys":{}},"Be4Hd9/AjOwkw3YDlzMsasy1yAZ3/DMIjFc+hovOWexK":{"chainKey":{"counter":0,"key":"6jWIq1arPrRA2e15eVDu2Smd4b1fat6ImUYAXd3WPDg="},"chainType":1,"messageKeys":{}}}}},"version":"v1"}