{"_sessions":{"BYndnoybyY3Ny9CblJbkBwmdAsqXIDGp+8zgcip3zIYl":{"registrationId":986898539,"currentRatchet":{"ephemeralKeyPair":{"pubKey":"BZ99w5gK7LiXnL581ZNFUS6nQgBC6sKI/QiIt94/xmha","privKey":"qPnbjt+mlTiqIKm94n8s8tO23Bp7uPgOECuZ0LKWX3c="},"lastRemoteEphemeralKey":"BfNsEAfU8W7fsVoxBo9ov/q4AAubR6spwKezq5CZBhI1","previousCounter":0,"rootKey":"uyVa52wNxHVrTxpQz2qyr5CoQyKRx97qTejSvLP1Ydo="},"indexInfo":{"baseKey":"BYndnoybyY3Ny9CblJbkBwmdAsqXIDGp+8zgcip3zIYl","baseKeyType":2,"closed":-1,"used":1750578686951,"created":1750578686951,"remoteIdentityKey":"BUf5qo2bratROhMBBBW988DzAblIesQZGalXe+qbOhsa"},"_chains":{"BfNsEAfU8W7fsVoxBo9ov/q4AAubR6spwKezq5CZBhI1":{"chainKey":{"counter":0,"key":"oyR5WsaeS3asmJYUohvC+FcfR2cFSEJna5GEVgj3Ejw="},"chainType":2,"messageKeys":{}},"BZ99w5gK7LiXnL581ZNFUS6nQgBC6sKI/QiIt94/xmha":{"chainKey":{"counter":-1,"key":"nIGW39E86c86EaUq1Y0huXlROKagY7DWuRiXCpPK1Gc="},"chainType":1,"messageKeys":{}}}}},"version":"v1"}