{"_sessions":{"BcBWt3sp0YAKW60xnNsXLwDT03YqwMgIEwdAlFXkfP5M":{"registrationId":961660352,"currentRatchet":{"ephemeralKeyPair":{"pubKey":"BfhDKnTZN37dAUiMBGW2yajYJs1OiRPm6Zhi+C7EKYsC","privKey":"8Mp7HE75IaKcQWi5Id8zQgptdpcwgActRz31uw/mUVo="},"lastRemoteEphemeralKey":"BWt33mKMUiQjRp3q9ZJZ7+nGmuuK5AJ2X7gISuWdiaoS","previousCounter":0,"rootKey":"DvQndRlaYLltFrNJO2OHAFIPZhNK45beUvuk+h+VFCE="},"indexInfo":{"baseKey":"BcBWt3sp0YAKW60xnNsXLwDT03YqwMgIEwdAlFXkfP5M","baseKeyType":2,"closed":-1,"used":1750591632803,"created":1750591632803,"remoteIdentityKey":"Be/LFgOMvZMOU+0/qBrMg0TteXPa8OkW0ujN83e7CiwM"},"_chains":{"BWt33mKMUiQjRp3q9ZJZ7+nGmuuK5AJ2X7gISuWdiaoS":{"chainKey":{"counter":0,"key":"EA5m7Zh6DuzLJ5aYrMorCSyn2D5UZdXxc/N+ebW1SFk="},"chainType":2,"messageKeys":{}},"BfhDKnTZN37dAUiMBGW2yajYJs1OiRPm6Zhi+C7EKYsC":{"chainKey":{"counter":-1,"key":"FWjy+231KceOD9VxfTM9j4I/7BmU2+6ozHVwhIewmpY="},"chainType":1,"messageKeys":{}}}}},"version":"v1"}