{"_sessions":{"BSHxC9gQdSLCLiht5q+k2Xd0O57Z0uDaqBmM60F5vocX":{"registrationId":1151981203,"currentRatchet":{"ephemeralKeyPair":{"pubKey":"BawVfO9zek3+RbH1TFqe/0/GhbKGSotuBDBQ0knKePU4","privKey":"mIRYoflH21Xpa29LJpAcv1wsfK6X9BWlmcu805jIxGU="},"lastRemoteEphemeralKey":"BbLva4IK7fgsEmHmpIR2MwsZI4I7/vsK4xpYE+dF2QoU","previousCounter":0,"rootKey":"bT1G1HqJOUA6AZCimcXONvsK5vw6VqYudvHZVOyDeCU="},"indexInfo":{"baseKey":"BSHxC9gQdSLCLiht5q+k2Xd0O57Z0uDaqBmM60F5vocX","baseKeyType":1,"closed":-1,"used":1750608416476,"created":1750608416476,"remoteIdentityKey":"BTXUzP7TOGiFylmXx0zawSfxUS85N+Rkh5GSQGDdu2gR"},"_chains":{"BawVfO9zek3+RbH1TFqe/0/GhbKGSotuBDBQ0knKePU4":{"chainKey":{"counter":0,"key":"v/39q0xKePf/GbJKI0NEzYWGVky8/FBr5KX+0Yy/EMk="},"chainType":1,"messageKeys":{}}},"pendingPreKey":{"signedKeyId":1,"baseKey":"BSHxC9gQdSLCLiht5q+k2Xd0O57Z0uDaqBmM60F5vocX","preKeyId":7493746}}},"version":"v1"}