{"_sessions":{"BcRmQ3F8+i5o5nEiUj50tdBTTDWdp6ngb4kVhJohgdNu":{"registrationId":107080533,"currentRatchet":{"ephemeralKeyPair":{"pubKey":"BTHCWj7qENkmJXMFdjtA9vBf4ywHo4VyojN7RFJj2jZM","privKey":"SIxYgXFZeiuyKxJrYItJUnI7ENm9HXBmvr9QEFadT3E="},"lastRemoteEphemeralKey":"BS3S2d2hdwYwYnpb4BtylB5dsPdYXvnxe9aRbyCE6Ndj","previousCounter":0,"rootKey":"VwdCjSEZnK5u3UMcshY2PFziGHNnUGu+VBYG13FeC9Y="},"indexInfo":{"baseKey":"BcRmQ3F8+i5o5nEiUj50tdBTTDWdp6ngb4kVhJohgdNu","baseKeyType":1,"closed":-1,"used":1750608415864,"created":1750608415864,"remoteIdentityKey":"BUy6b40eWccitqgW3h73UmFn/OENw61c0zDm6JnLZt9Y"},"_chains":{"BTHCWj7qENkmJXMFdjtA9vBf4ywHo4VyojN7RFJj2jZM":{"chainKey":{"counter":0,"key":"6EOM9W3TrKkehtLTeLUZm8Ec1jJHWT0Nzt5Vmi/mE+w="},"chainType":1,"messageKeys":{}}},"pendingPreKey":{"signedKeyId":2,"baseKey":"BcRmQ3F8+i5o5nEiUj50tdBTTDWdp6ngb4kVhJohgdNu","preKeyId":866}}},"version":"v1"}