{"_sessions":{"BeyBQ6B69SIKh/po89qa1C8XinHeF+24gQZb5O073ARJ":{"registrationId":2099398929,"currentRatchet":{"ephemeralKeyPair":{"pubKey":"BUUt7btx8wva9Ng9B2tUAWiLO2epYu60XFh8OTOsXSpi","privKey":"6H9lBgckgMiSj6d6rZ2aUSN+Uuo5ruIt+XurQ/lGa3Q="},"lastRemoteEphemeralKey":"BZH6S3TJ2BYw3zSnqzRj46i47HHTLLNc9AZYkfXEsph7","previousCounter":0,"rootKey":"jZlSKf0uJTcdUHFKJn/NwAnKJMqSneKP7xQY/sVvZ+w="},"indexInfo":{"baseKey":"BeyBQ6B69SIKh/po89qa1C8XinHeF+24gQZb5O073ARJ","baseKeyType":2,"closed":-1,"used":1750590088166,"created":1750590088166,"remoteIdentityKey":"BfIKrl6KiJIU0w237wZKYoUIS2IOIy7bVR2RKsxvMTQw"},"_chains":{"BZH6S3TJ2BYw3zSnqzRj46i47HHTLLNc9AZYkfXEsph7":{"chainKey":{"counter":0,"key":"6hD6v9U1E4npBtjlrn9fseGsB2Z4esuPYmNBljQgNlI="},"chainType":2,"messageKeys":{}},"BUUt7btx8wva9Ng9B2tUAWiLO2epYu60XFh8OTOsXSpi":{"chainKey":{"counter":-1,"key":"sk1dEvKe46sQR6/wMlfpFSosy9piVKsqbGCklp3LezA="},"chainType":1,"messageKeys":{}}}}},"version":"v1"}