{"_sessions":{"BZZJY8fFZQkaMRgkKRu7X4pvhSTvwFCVldGR+Vc4U5dv":{"registrationId":1638747790,"currentRatchet":{"ephemeralKeyPair":{"pubKey":"Bahw3WqEJVEwi7l+R/0JM8WpeGbtMXONQO/nbuoIm2U5","privKey":"yFCOFr0PQxklxJTXh1IIZeIUuFAhOyEiJy7ba7sGT0E="},"lastRemoteEphemeralKey":"BfdYDoLvL/rIAMpRbg2fOlkm6k1zjNpGycF2z1T8hfJ1","previousCounter":0,"rootKey":"PIacEpErAGD9/lRueu4V0BLMRw1Ued09Tq7DMBeBtSk="},"indexInfo":{"baseKey":"BZZJY8fFZQkaMRgkKRu7X4pvhSTvwFCVldGR+Vc4U5dv","baseKeyType":1,"closed":-1,"used":1750611136469,"created":1750611136469,"remoteIdentityKey":"BRLWZymxgv8iNs389HxXc1Sw/TfTUkzZ8Ww4asL98BJz"},"_chains":{"Bahw3WqEJVEwi7l+R/0JM8WpeGbtMXONQO/nbuoIm2U5":{"chainKey":{"counter":0,"key":"Ljh8EDE0S/Xy8N4yvoGSWw7TiwzNK6lyvHUGaWZYhAE="},"chainType":1,"messageKeys":{}}},"pendingPreKey":{"signedKeyId":10,"baseKey":"BZZJY8fFZQkaMRgkKRu7X4pvhSTvwFCVldGR+Vc4U5dv","preKeyId":3504838}}},"version":"v1"}