{"_sessions":{"BbCo3YMa3PjDBFayQSHt1V0lXE3gdRJU1pxQS5lBYLsQ":{"registrationId":2099484646,"currentRatchet":{"ephemeralKeyPair":{"pubKey":"BUIAY6EGbEwaLE6edPawo6kuz6RxpCLPcC3M+wM11D1q","privKey":"wMXYWPK8NPWHACQUatkKvNGzooUGjP3clNo3AThuP2Q="},"lastRemoteEphemeralKey":"Bcjx5JwvOM81ZWk7Igs8/647LsSDUGQcjm84L1PSMxNz","previousCounter":0,"rootKey":"L4A6O/Dt7Lo3J0F1GucsL3xalu9bQFiCuhUApypPPxo="},"indexInfo":{"baseKey":"BbCo3YMa3PjDBFayQSHt1V0lXE3gdRJU1pxQS5lBYLsQ","baseKeyType":2,"closed":-1,"used":1750617681164,"created":1750617681164,"remoteIdentityKey":"BbA5mOQAErpM5raN5MP0hulsMn5JWCLP/sk4CdWJd6sq"},"_chains":{"Bcjx5JwvOM81ZWk7Igs8/647LsSDUGQcjm84L1PSMxNz":{"chainKey":{"counter":1,"key":"eX8KmqhGzdej2G0XK54gyopj3t/340Q/VHrtW3OM4YI="},"chainType":2,"messageKeys":{"0":"R+ZcCPN1/HFZ1QGfqYGgUbSbIxrG7CtfFIjEqL0bZhI="}},"BUIAY6EGbEwaLE6edPawo6kuz6RxpCLPcC3M+wM11D1q":{"chainKey":{"counter":-1,"key":"zqTPWsPZD9IjWCGEkfFfv9LUbMBTcrFvdmuSgEqpViQ="},"chainType":1,"messageKeys":{}}}}},"version":"v1"}