{"_sessions":{"BcoPyDdDgnw4ODTyNrG4XghlWvVkT/MogrBl/jdqkeo5":{"registrationId":1529706108,"currentRatchet":{"ephemeralKeyPair":{"pubKey":"BfVC6MGkeKlFV8TDj7CiYNI7TlhMWYDhIkypifFS4w8x","privKey":"+GjQ9CyDjqGqvwqfKsQNcp7uf2azUtm4xQHY/1Q7nlQ="},"lastRemoteEphemeralKey":"BdxsVoLLt8Hb19A0FW/a4jCfNVCGsSldnvGob7f83v1U","previousCounter":0,"rootKey":"SjqEgo+QchV4DZIK5pRN3dS9aTc0AehcikUB0BmDXVY="},"indexInfo":{"baseKey":"BcoPyDdDgnw4ODTyNrG4XghlWvVkT/MogrBl/jdqkeo5","baseKeyType":1,"closed":-1,"used":1750610992766,"created":1750610992766,"remoteIdentityKey":"BSR+qbNhtg0ABvBSIgiRiCo7gr7SfWKMo9h+yKe2lGsL"},"_chains":{"BfVC6MGkeKlFV8TDj7CiYNI7TlhMWYDhIkypifFS4w8x":{"chainKey":{"counter":0,"key":"X1/IW6/lQvGLPN2GyRoPka2mNpjjzys3sBo9+mYb0mE="},"chainType":1,"messageKeys":{}}},"pendingPreKey":{"signedKeyId":11,"baseKey":"BcoPyDdDgnw4ODTyNrG4XghlWvVkT/MogrBl/jdqkeo5","preKeyId":6983824}}},"version":"v1"}