{"_sessions":{"BRfMnw3iYacma4Ow8kqj2WEJM1W7Jv9rf7yYON6RCe08":{"registrationId":1625712566,"currentRatchet":{"ephemeralKeyPair":{"pubKey":"BUErbtQtEjE6LpFkJTVCVP/BxIXYhcNVpNoa78vz9V1c","privKey":"KH0zVmyF3PajIBLXQaRlyWo4EN4IvqGXYR7Nd1Y17Xk="},"lastRemoteEphemeralKey":"BY52hTf+e4Nh2XRECsZXr+qlmkMK0impJSOLfzsqkm8V","previousCounter":0,"rootKey":"TwI/4iquUcMAEzPuPzez0SibNm1qwGOBjQb/cJnDCMk="},"indexInfo":{"baseKey":"BRfMnw3iYacma4Ow8kqj2WEJM1W7Jv9rf7yYON6RCe08","baseKeyType":1,"closed":-1,"used":1750610992273,"created":1750610992273,"remoteIdentityKey":"Bcg437LRNozX01khdBEjGzSjXVvfje5ad97z9h46hxdR"},"_chains":{"BUErbtQtEjE6LpFkJTVCVP/BxIXYhcNVpNoa78vz9V1c":{"chainKey":{"counter":0,"key":"QkF1yP2JoNNL6lLVqBwtyDP+JnLxvmwkoTx7fyw+yDw="},"chainType":1,"messageKeys":{}}},"pendingPreKey":{"signedKeyId":12,"baseKey":"BRfMnw3iYacma4Ow8kqj2WEJM1W7Jv9rf7yYON6RCe08","preKeyId":6582}}},"version":"v1"}