{"_sessions":{"BZMIFD9nV+rMGFqa/QIjr06DbVRxRMH8yp6cOxl/uZNU":{"registrationId":1901077624,"currentRatchet":{"ephemeralKeyPair":{"pubKey":"BaB7dfdmlrtz0OYhYLSNtKokN1tMC4HasY2ZGYGLhU1H","privKey":"eNgoL687DfSe+rLrcLHVtOoD2tkiU3jVTijC+u/DW0Q="},"lastRemoteEphemeralKey":"BcVbxz5/evQMxlO51PZ5fZogDTnZnszFtpKGJFPx4bwx","previousCounter":0,"rootKey":"pxJ9jkTJ8vPiPcJV6STFym+SgY1h54gIkwQx+sjazRU="},"indexInfo":{"baseKey":"BZMIFD9nV+rMGFqa/QIjr06DbVRxRMH8yp6cOxl/uZNU","baseKeyType":2,"closed":-1,"used":1750614364528,"created":1750614364528,"remoteIdentityKey":"BS7un+js9H8v5EFSafOjiUCsknNEGn3ApeFiL35NglAy"},"_chains":{"BcVbxz5/evQMxlO51PZ5fZogDTnZnszFtpKGJFPx4bwx":{"chainKey":{"counter":0,"key":"bZkziVtuT5Zjufu4YQRvwdaHpwO5Dzrw8/6UH185CP0="},"chainType":2,"messageKeys":{}},"BaB7dfdmlrtz0OYhYLSNtKokN1tMC4HasY2ZGYGLhU1H":{"chainKey":{"counter":-1,"key":"6GygwjrBnNXPu+zeX4aIyy3lNQrSCwFM9K+MLvp7IkQ="},"chainType":1,"messageKeys":{}}}}},"version":"v1"}