{"_sessions":{"BVDR4zX1NPYcm64/ZGT4iIHzBq0oRLxBEdqe940FJU9O":{"registrationId":195012203,"currentRatchet":{"ephemeralKeyPair":{"pubKey":"BcsH66e6nJlWQMZI00h1aXRYU1kTJIKyf25c6p4prPRT","privKey":"qCxseoDGoLo1JJ05rRIp4eTB6Ldh00x83B+6uY+9b18="},"lastRemoteEphemeralKey":"BZPVaAWdHqCHLvvmyOn6AEVNaoOBIlK7MGFv49cLkgRl","previousCounter":0,"rootKey":"KFhd8yPRUg4utsVAPKhf0uBgUVvzxAi6PyxhZS9srVc="},"indexInfo":{"baseKey":"BVDR4zX1NPYcm64/ZGT4iIHzBq0oRLxBEdqe940FJU9O","baseKeyType":2,"closed":-1,"used":1750594531314,"created":1750594531314,"remoteIdentityKey":"BX6TfoJDFm6sx61SzSt/KUdNwK1AYxItr2ku1Fq8ScJ+"},"_chains":{"BZPVaAWdHqCHLvvmyOn6AEVNaoOBIlK7MGFv49cLkgRl":{"chainKey":{"counter":2,"key":"p0ov6QEyiJXSHWEr7FajzwxbmB/UBTkSGZn2pZt+e+A="},"chainType":2,"messageKeys":{}},"BcsH66e6nJlWQMZI00h1aXRYU1kTJIKyf25c6p4prPRT":{"chainKey":{"counter":-1,"key":"5Bezy4B4W7LvOx+QFEcYe7G3nfLH/73FalrIvkGUwyY="},"chainType":1,"messageKeys":{}}}}},"version":"v1"}