{"_sessions":{"BVFYtl0YL0VDcCne57isypNa6DAmY3w3J9fm1acYD8Qr":{"registrationId":2062514641,"currentRatchet":{"ephemeralKeyPair":{"pubKey":"BQYNeYkpV/45/qcZ/8Ie+0lKh42IDHGemqqItsMzMH8M","privKey":"KPxwaPMBQnfswXq76ifTdVbNJGpQ7ERABseNDRrzbmg="},"lastRemoteEphemeralKey":"BZj/dmeQxNhgh3qPsAdZyiNdsSyzpnrJuD22tD0Wcs45","previousCounter":0,"rootKey":"ACV6dBfmNjmNFghHcb6hndp6H5o9bKSVuLhpkREgO3Q="},"indexInfo":{"baseKey":"BVFYtl0YL0VDcCne57isypNa6DAmY3w3J9fm1acYD8Qr","baseKeyType":1,"closed":1750623695456,"used":1750611136288,"created":1750611136288,"remoteIdentityKey":"Bb9hem8BuyT9PrwkYjUpTRoY9fYdihKBqWNaicsQtuVg"},"_chains":{"BQYNeYkpV/45/qcZ/8Ie+0lKh42IDHGemqqItsMzMH8M":{"chainKey":{"counter":0,"key":"rhja9lTSi4B2ncmBwZ3YLbwToTHDH0miiZzmcHEEYk4="},"chainType":1,"messageKeys":{}}},"pendingPreKey":{"signedKeyId":10,"baseKey":"BVFYtl0YL0VDcCne57isypNa6DAmY3w3J9fm1acYD8Qr","preKeyId":1626442}},"BSia5ixeFS1/JGzqPA6PUIrqys4KMpEp+/GJXqu4F00a":{"registrationId":2062514641,"currentRatchet":{"ephemeralKeyPair":{"pubKey":"BW6qqvUTfz1MRNJ4N+GyrH6SrscsJC8nqGOVj1N6z9A2","privKey":"eL90W1uOvMMFQP/9rBl7Z1dQSvH5X18Gwd4XEW97bFc="},"lastRemoteEphemeralKey":"BUOSTG4IIdosQo1MXzUl6pY9hyCHiAxYHFTnCKVXLkQp","previousCounter":0,"rootKey":"2eKZGCXS1IucwmQTfz7Em4UIcxzxld6g5tkcfe82u4k="},"indexInfo":{"baseKey":"BSia5ixeFS1/JGzqPA6PUIrqys4KMpEp+/GJXqu4F00a","baseKeyType":2,"closed":-1,"used":1750623695461,"created":1750623695461,"remoteIdentityKey":"Bb9hem8BuyT9PrwkYjUpTRoY9fYdihKBqWNaicsQtuVg"},"_chains":{"BUOSTG4IIdosQo1MXzUl6pY9hyCHiAxYHFTnCKVXLkQp":{"chainKey":{"counter":1,"key":"rtgMW0flYqAInkBHxHb/yPW0Dbyvp6Dzgyi1q9Z9bl0="},"chainType":2,"messageKeys":{"0":"GUcQ9683+ZS6xJPUm9lQm1Amkp5iGkBbPInaCLeoOr0="}},"BW6qqvUTfz1MRNJ4N+GyrH6SrscsJC8nqGOVj1N6z9A2":{"chainKey":{"counter":-1,"key":"Eu8rsss0M1NknNOajGOcb+ZMHH3+Oaqh7VmnAYks+3w="},"chainType":1,"messageKeys":{}}}}},"version":"v1"}