{"_sessions":{"BeuwfoxfjtvhzS1pWgOBsGOUFLL0Bl1dBjieKsOVfg5T":{"registrationId":1042658437,"currentRatchet":{"ephemeralKeyPair":{"pubKey":"BepeFquan5X5EioL3id3wVq1utWFB9b13ZrcHHbJRKcv","privKey":"cAlZiSEsCt9BoGesoqLMcr/KpkH+yTuv17b+OjohtXo="},"lastRemoteEphemeralKey":"BWu43K47+WmIvMSPSPNLWu+dQIrAGAWlylXFFuwzZGVJ","previousCounter":0,"rootKey":"jE9vhoJ2efmWwviyCE5IpItPjiefk1XOeDCB7+je+1w="},"indexInfo":{"baseKey":"BeuwfoxfjtvhzS1pWgOBsGOUFLL0Bl1dBjieKsOVfg5T","baseKeyType":2,"closed":-1,"used":1750592428476,"created":1750592428476,"remoteIdentityKey":"BQCT5WtquX5d7zDqPMzGVpcs/iyEesqu6WSd3n3+mUpg"},"_chains":{"BWu43K47+WmIvMSPSPNLWu+dQIrAGAWlylXFFuwzZGVJ":{"chainKey":{"counter":0,"key":"VUupeITNH5OXA29Msr11zX8YsU2OhfDw5lJSjZyNxhM="},"chainType":2,"messageKeys":{}},"BepeFquan5X5EioL3id3wVq1utWFB9b13ZrcHHbJRKcv":{"chainKey":{"counter":-1,"key":"7Ckiw9stfLQyQj+8po/ys8ODPsXV+UWIDNK1/Drd78o="},"chainType":1,"messageKeys":{}}}}},"version":"v1"}