{"_sessions":{"BSia5ixeFS1/JGzqPA6PUIrqys4KMpEp+/GJXqu4F00a":{"registrationId":2062514641,"currentRatchet":{"ephemeralKeyPair":{"pubKey":"BeB0YCG1zWoYd8XlfLHHUp1aCpF+/ExRXj/9p2vWYDFh","privKey":"QFXVTBIOMAqGjZ7viHzZDOyCJnhPOr2NmSrhL/qAcWw="},"lastRemoteEphemeralKey":"BUOSTG4IIdosQo1MXzUl6pY9hyCHiAxYHFTnCKVXLkQp","previousCounter":0,"rootKey":"v2RoFqAWk83kutAUbK99AkTQgK54aBuNaAcWkB/MV1Y="},"indexInfo":{"baseKey":"BSia5ixeFS1/JGzqPA6PUIrqys4KMpEp+/GJXqu4F00a","baseKeyType":2,"closed":-1,"used":1750617601583,"created":1750617601583,"remoteIdentityKey":"Bb9hem8BuyT9PrwkYjUpTRoY9fYdihKBqWNaicsQtuVg"},"_chains":{"BUOSTG4IIdosQo1MXzUl6pY9hyCHiAxYHFTnCKVXLkQp":{"chainKey":{"counter":0,"key":"aaXwETEElV/Q9XtFaQeBCyCcOUIEbXS96qCsYdUapnI="},"chainType":2,"messageKeys":{}},"BeB0YCG1zWoYd8XlfLHHUp1aCpF+/ExRXj/9p2vWYDFh":{"chainKey":{"counter":-1,"key":"SvKM6DVqW7bfueoeoe1EIg839pG8P7X8FQ9DIynRnK8="},"chainType":1,"messageKeys":{}}}}},"version":"v1"}