{"_sessions":{"BeJxDPUwwOrhvfH4aG0i39lqk1GjyZHdx2/oSrwQYPRq":{"registrationId":1237353628,"currentRatchet":{"ephemeralKeyPair":{"pubKey":"BeeWPW5rvE9CdhcXMg1fbd6eEGhdlYfI8FwanaRQMBkW","privKey":"QLccF29xvjWxWHNJADEZi7XwZq03aPMoMWG6W6Wax3A="},"lastRemoteEphemeralKey":"BXwaGJmAWePUnWciequtynSzEGfvBEyDdMNQdu/tqt8X","previousCounter":0,"rootKey":"gkU6YFTDUkDPbmz2f4W17OsPR3/vM+jr/01yO91pGRw="},"indexInfo":{"baseKey":"BeJxDPUwwOrhvfH4aG0i39lqk1GjyZHdx2/oSrwQYPRq","baseKeyType":1,"closed":-1,"used":1750610992562,"created":1750610992562,"remoteIdentityKey":"BTfbtrDJGRH67yfjOgXn21mUQ55VNU1EPHOXndIfPkB5"},"_chains":{"BeeWPW5rvE9CdhcXMg1fbd6eEGhdlYfI8FwanaRQMBkW":{"chainKey":{"counter":0,"key":"4RG+VKohlCyf6bMt2Y6Y9FuleBKPCwEJrx1Ee+vJweM="},"chainType":1,"messageKeys":{}}},"pendingPreKey":{"signedKeyId":14886878,"baseKey":"BeJxDPUwwOrhvfH4aG0i39lqk1GjyZHdx2/oSrwQYPRq","preKeyId":18011}}},"version":"v1"}