{"_sessions":{"BYVSxldWUh9GJMelB2SkOtK1a9N83Xbj1nR5nGiW2/4b":{"registrationId":1224604582,"currentRatchet":{"ephemeralKeyPair":{"pubKey":"BSjin4ED06GQd7dtDAWU74DInShhaacUIhaP+lewnaEA","privKey":"IBfW4vjuvZSJ8DqfVQLaAEXpv4r4B4TCfGRYihxo3lk="},"lastRemoteEphemeralKey":"BeoSD00wGUeOC6OJQbPAbMHhKddgxYa07VCqn9C0+tY8","previousCounter":0,"rootKey":"yCK2JhtW/D7bkl5isWLQa2/5WKoNJ32fkdo5HJA26V4="},"indexInfo":{"baseKey":"BYVSxldWUh9GJMelB2SkOtK1a9N83Xbj1nR5nGiW2/4b","baseKeyType":1,"closed":-1,"used":1750610992363,"created":1750610992363,"remoteIdentityKey":"BXh8d7K6Opg8BVcqnWutF0vbfPTENUBhWrWXaRO7b5gu"},"_chains":{"BSjin4ED06GQd7dtDAWU74DInShhaacUIhaP+lewnaEA":{"chainKey":{"counter":0,"key":"HD3+7EqW4cPuystXkk2oZR6E3JI9js6hGooTHsDdQiY="},"chainType":1,"messageKeys":{}}},"pendingPreKey":{"signedKeyId":16,"baseKey":"BYVSxldWUh9GJMelB2SkOtK1a9N83Xbj1nR5nGiW2/4b","preKeyId":6924}}},"version":"v1"}