{"_sessions":{"BfES5J0MmDoMrCxgwfCeagtL7khQC1zD7CXBUNtY2dZu":{"registrationId":1431626768,"currentRatchet":{"ephemeralKeyPair":{"pubKey":"BQbzA73rFHtpUWM0IDcACCIh6BXxfalfvYzGMtYT0GM5","privKey":"0LVBX5id8uEmkd2hljQrTxsuflo9gKSjPqBlDAC2wHo="},"lastRemoteEphemeralKey":"BW5+5MiGQ8NP3jq+EIHs+QRPkHbDNGYWsTUCI4/B7rxK","previousCounter":0,"rootKey":"iEbplMsnm13XRbGk6ngZqyH3u53aboxWqDbMLDO/yvE="},"indexInfo":{"baseKey":"BfES5J0MmDoMrCxgwfCeagtL7khQC1zD7CXBUNtY2dZu","baseKeyType":1,"closed":-1,"used":1750611136568,"created":1750611136568,"remoteIdentityKey":"BQPfCo+fT24Y+8+d1/Il//5oqZqET0yScDxFl4ewo/s9"},"_chains":{"BQbzA73rFHtpUWM0IDcACCIh6BXxfalfvYzGMtYT0GM5":{"chainKey":{"counter":0,"key":"6N62ZF8XuhY1NkjwjGM5JsC7JevEJJShC42hCn1HYq8="},"chainType":1,"messageKeys":{}}},"pendingPreKey":{"signedKeyId":4,"baseKey":"BfES5J0MmDoMrCxgwfCeagtL7khQC1zD7CXBUNtY2dZu","preKeyId":11168570}}},"version":"v1"}