{"_sessions":{"BSAAgSNtMtZj/RN1bWU2/+TTnJju2YDEs81H/g03a405":{"registrationId":1691094438,"currentRatchet":{"ephemeralKeyPair":{"pubKey":"BRb+QGFmRQxdMYe98vCFpx56J1N1kZFaYGRzZMQTdaNX","privKey":"sPU7P70UzY7fts54FmWZhPzYVfaCzQWMUgFcHRafz0s="},"lastRemoteEphemeralKey":"BYfmTDJEQM/b4DX2iFVX/i58cT3VmMif0StnLCoHjz4Q","previousCounter":0,"rootKey":"fIo4sp2kkn9AGHoXpzNKp2QgyktMNeVZf2aZI8NZCys="},"indexInfo":{"baseKey":"BSAAgSNtMtZj/RN1bWU2/+TTnJju2YDEs81H/g03a405","baseKeyType":2,"closed":-1,"used":1750588620507,"created":1750588620507,"remoteIdentityKey":"BX86LaFn20qCoFmFsQ7i/lSKlWpDISnc2tFHbCLV+c0D"},"_chains":{"BYfmTDJEQM/b4DX2iFVX/i58cT3VmMif0StnLCoHjz4Q":{"chainKey":{"counter":0,"key":"4YVe+oy0R9sTCJjvStjlade57t1jx/wrQTGtD4aQlPM="},"chainType":2,"messageKeys":{}},"BRb+QGFmRQxdMYe98vCFpx56J1N1kZFaYGRzZMQTdaNX":{"chainKey":{"counter":-1,"key":"MECe8WJ+MYSqW9/ZpfZOGUJV2o6KBI+Bc+eTpMlRlIo="},"chainType":1,"messageKeys":{}}}}},"version":"v1"}