{"_sessions":{"BZuMczkQHijjlXkqRI5bZtuQnFSwSmtknYVHlIzRNydG":{"registrationId":831891742,"currentRatchet":{"ephemeralKeyPair":{"pubKey":"BcIjYBzZm2lqIZhOjPdYuz9s9TxaC96cPiwOWsRHSBxM","privKey":"kK+oLCN4Fx6pbWk6JU2TNo1w1iWYaBBscs1RGQD/yU4="},"lastRemoteEphemeralKey":"BfXrluSIeBQttUyQGkOmFLpV+wsgR5YEs8UbsFkZGqty","previousCounter":0,"rootKey":"/ZGQN0j79jrF7gf83rlvRtIe6utMF7Qt35qxP/uZXIk="},"indexInfo":{"baseKey":"BZuMczkQHijjlXkqRI5bZtuQnFSwSmtknYVHlIzRNydG","baseKeyType":1,"closed":-1,"used":1750610992265,"created":1750610992265,"remoteIdentityKey":"Be9hKhakCulJa0Wy1FmEpW3s3V+p58xA0TPEZq6lrRV3"},"_chains":{"BcIjYBzZm2lqIZhOjPdYuz9s9TxaC96cPiwOWsRHSBxM":{"chainKey":{"counter":0,"key":"CNXkArFJn6S/Z/AcVL37Hly8ef4UgANZzB/+9Qe3pVk="},"chainType":1,"messageKeys":{}}},"pendingPreKey":{"signedKeyId":139,"baseKey":"BZuMczkQHijjlXkqRI5bZtuQnFSwSmtknYVHlIzRNydG","preKeyId":6720}}},"version":"v1"}