{"_sessions":{"BcWPwJSe1p+jKqB/1ckfXZu+eSH4AbJxBxT0b5SKZ81c":{"registrationId":2083176450,"currentRatchet":{"ephemeralKeyPair":{"pubKey":"BX83/+blM5FCSGdQZx/ilF2FozuCQLMhaF4AppF9ECtv","privKey":"GDw9QigzXuoY7URH55Qh8ld0mJdyq6GIMPvB9PuplH4="},"lastRemoteEphemeralKey":"BdwMyZ0fJMU4HyRpOvGsShlY3jTjA3410jW1fxt2DW1A","previousCounter":0,"rootKey":"UbfwdmgBRnq2hjvE5woNSGzR4HGa08fiJb4uyTN+JmQ="},"indexInfo":{"baseKey":"BcWPwJSe1p+jKqB/1ckfXZu+eSH4AbJxBxT0b5SKZ81c","baseKeyType":1,"closed":-1,"used":1750611136070,"created":1750611136070,"remoteIdentityKey":"BaqZlFD2zTs3DXlkJPYxrHTt9G5FGZ9TktP8n1ZNW4hB"},"_chains":{"BX83/+blM5FCSGdQZx/ilF2FozuCQLMhaF4AppF9ECtv":{"chainKey":{"counter":0,"key":"OzH1h9ZhLvz+oRptS5vx+UJZm0dVjWPmoZHakGobi48="},"chainType":1,"messageKeys":{}}},"pendingPreKey":{"signedKeyId":9,"baseKey":"BcWPwJSe1p+jKqB/1ckfXZu+eSH4AbJxBxT0b5SKZ81c","preKeyId":15226009}}},"version":"v1"}