{"_sessions":{"BRojHhaW1pJH6A7P9O8qsQsuAlQsM+zZ4SByGYIbxho6":{"registrationId":1154856775,"currentRatchet":{"ephemeralKeyPair":{"pubKey":"BcpNfiXfWpdAfxvm01veAEH7n73xgg+X/oet8+tC8psK","privKey":"QK+UYyx6E23pyEuBWDoPnOYltqg6io2E0wF/azKcrkc="},"lastRemoteEphemeralKey":"BUEMbXIbKC89OlLLASj7szWZFJNxx1GeQibB+aoISYMs","previousCounter":0,"rootKey":"HJbpcmFYWjALDTxB5bGAdseOC+DjS5iiQzfxdmGXZLw="},"indexInfo":{"baseKey":"BRojHhaW1pJH6A7P9O8qsQsuAlQsM+zZ4SByGYIbxho6","baseKeyType":2,"closed":-1,"used":1750622114021,"created":1750601828127,"remoteIdentityKey":"BXeSeD4/CwXrpedvDDMoE05AkFe0ZEFD4KEwvp/4lVRV"},"_chains":{"BXT1sP9xPgfT47a3oHs81xuQsPPgr51unA/spiv5aJpP":{"chainKey":{"counter":0},"chainType":2,"messageKeys":{}},"BZq5O0/xCCrQBpYxjAsopkCf2ObtJPfXiZ0VI0qNljl0":{"chainKey":{"counter":0},"chainType":2,"messageKeys":{}},"BUEMbXIbKC89OlLLASj7szWZFJNxx1GeQibB+aoISYMs":{"chainKey":{"counter":0,"key":"/V/KKEQ/uJa273JGRpIEGNj5JR8cgsM6jQDWd9w0k0U="},"chainType":2,"messageKeys":{}},"BcpNfiXfWpdAfxvm01veAEH7n73xgg+X/oet8+tC8psK":{"chainKey":{"counter":-1,"key":"L2487E7eDctU/kC7WHdeotTAkPayi+snZxguahG8kyg="},"chainType":1,"messageKeys":{}}}}},"version":"v1"}