{"_sessions":{"BQdjbynnmzwEv2EsrmZnmCwSmEvf/gi51mRP/u7o3txL":{"registrationId":1189383027,"currentRatchet":{"ephemeralKeyPair":{"pubKey":"BUvRHdMIKY3RB54g6BlgsPU/SoZD/vazadYec4kYPRYj","privKey":"2Nx+/GkFlLJ1+hbNLPO8jePrQQvWDIAUeQH0pW+cvn8="},"lastRemoteEphemeralKey":"Ba09t21Y8Rxg4pS46P8dNR3EWYPo6fFaOL4aFNeGzOM/","previousCounter":0,"rootKey":"H1fLI2lphI4TFkjy/9UjW+20xHyoQxASStRAvAVy5bg="},"indexInfo":{"baseKey":"BQdjbynnmzwEv2EsrmZnmCwSmEvf/gi51mRP/u7o3txL","baseKeyType":1,"closed":-1,"used":1750611136163,"created":1750611136163,"remoteIdentityKey":"Bd0u3JllbJ0LKgCZw5JEOUSMlpndTe8lRd7w6W1W0XoI"},"_chains":{"BUvRHdMIKY3RB54g6BlgsPU/SoZD/vazadYec4kYPRYj":{"chainKey":{"counter":0,"key":"vB2PlfJcAYgnHWKUP7pYlI1K1V9IPaq8gIAt8J0hWv4="},"chainType":1,"messageKeys":{}}},"pendingPreKey":{"signedKeyId":10,"baseKey":"BQdjbynnmzwEv2EsrmZnmCwSmEvf/gi51mRP/u7o3txL","preKeyId":15745175}}},"version":"v1"}