{"_sessions":{"BbPGG9EHHwkP9pfOXYe/09FnlE4f0GI0au//68pflHZU":{"registrationId":1249203001,"currentRatchet":{"ephemeralKeyPair":{"pubKey":"BT2k3hzL5Mw5iE+bFl0SShAcitaE8gtl2GlOIDpfR4Id","privKey":"sJN/ej/BOyD85lTvrrWSnv6vbbw8dzDjdFMC6fCAzmA="},"lastRemoteEphemeralKey":"BeAdEin9cMPAtkscTc+peRROeJ7dgnExeDUUwEd/zRog","previousCounter":0,"rootKey":"U+Apj66F2K6+4FN0sqeFfDtZFbcaeCiDz1ttjjSl598="},"indexInfo":{"baseKey":"BbPGG9EHHwkP9pfOXYe/09FnlE4f0GI0au//68pflHZU","baseKeyType":1,"closed":-1,"used":1750611136769,"created":1750611136769,"remoteIdentityKey":"BSd4V8xZu5r07K3ORDGl7QL5CuFMW6MGYK1c5S2VJQp/"},"_chains":{"BT2k3hzL5Mw5iE+bFl0SShAcitaE8gtl2GlOIDpfR4Id":{"chainKey":{"counter":0,"key":"wqFp3grQ6yU5drMjPRUb9e5ceHcUhRtr+TdEfabF+7c="},"chainType":1,"messageKeys":{}}},"pendingPreKey":{"signedKeyId":4,"baseKey":"BbPGG9EHHwkP9pfOXYe/09FnlE4f0GI0au//68pflHZU","preKeyId":12443093}}},"version":"v1"}