{"_sessions":{"BVaxyE34m1GcqD4Qbqj3Kmks6Z7e11QH6zFU++bzaKN/":{"registrationId":2115141721,"currentRatchet":{"ephemeralKeyPair":{"pubKey":"BVP8CFcuT6qldV7C4fMMlqKiCnLQ5XzSdTT8hoQSD01N","privKey":"yLBTKxMGw4kSZLL+KbAyj7q+NYwH9EyPwLarNHrLeVw="},"lastRemoteEphemeralKey":"Bd9ucNKCHQQldv6TdY+iQfUi8Py4U6xoGIiy7FMdpksz","previousCounter":0,"rootKey":"ylQYnOSc/wws524kaxYZTeeaapy4Va6KZ25sobkAoGM="},"indexInfo":{"baseKey":"BVaxyE34m1GcqD4Qbqj3Kmks6Z7e11QH6zFU++bzaKN/","baseKeyType":2,"closed":-1,"used":1750598921095,"created":1750598921095,"remoteIdentityKey":"BZjqVfzQVeagkVnykW5qtC/989GDxC4mzbNO34+Df1VG"},"_chains":{"Bd9ucNKCHQQldv6TdY+iQfUi8Py4U6xoGIiy7FMdpksz":{"chainKey":{"counter":0,"key":"iM+UKYE7qPlumsAdmxQwhWforKlm4VfPUgQwMY1FGf4="},"chainType":2,"messageKeys":{}},"BVP8CFcuT6qldV7C4fMMlqKiCnLQ5XzSdTT8hoQSD01N":{"chainKey":{"counter":-1,"key":"hIrLJ+DPlv2IkJkK6v+kmJguwCGQ1jVWA5olC+zwBAQ="},"chainType":1,"messageKeys":{}}}}},"version":"v1"}