{"_sessions":{"BY0LTY5qTBDiVnHZ5MjHTdYPU5IGf61zV6F4ufLIGkwd":{"registrationId":1541963044,"currentRatchet":{"ephemeralKeyPair":{"pubKey":"BWR5gIR36TVIDeLImbzijPYVstG5YzmQJY0EC6WLeBVM","privKey":"qNVhIY9N5g77nXciW5xs2UpNzbRFJwPeDk31i2IeDXI="},"lastRemoteEphemeralKey":"BVDerjnYvxE6nN9GNySS4LPTssAAaw+5U7ysGIX/7u8+","previousCounter":0,"rootKey":"h9Sm+i85IklnlUpLZWJ7XdegVAf3iBpOh2dDuzvjUvU="},"indexInfo":{"baseKey":"BY0LTY5qTBDiVnHZ5MjHTdYPU5IGf61zV6F4ufLIGkwd","baseKeyType":2,"closed":-1,"used":1750600076262,"created":1750600076262,"remoteIdentityKey":"BWn5vTHuNhu1nHKv9cBZ/1sjBD1mTuwFdEgZIh63mzMS"},"_chains":{"BVDerjnYvxE6nN9GNySS4LPTssAAaw+5U7ysGIX/7u8+":{"chainKey":{"counter":0,"key":"eSHaE4JW3wWT4fyrpPhE57iQaxOyuMj50kT5uS+FTto="},"chainType":2,"messageKeys":{}},"BWR5gIR36TVIDeLImbzijPYVstG5YzmQJY0EC6WLeBVM":{"chainKey":{"counter":-1,"key":"mbcVriMHbeANSMYGZ86IZDJrXT++VZpfdfhZLdTMRRA="},"chainType":1,"messageKeys":{}}}}},"version":"v1"}