{"_sessions":{"Bdg/J3gmpwlXIsKJUnnVl9IukEpjxboMy3n5Ufxuegsz":{"registrationId":1384642670,"currentRatchet":{"ephemeralKeyPair":{"pubKey":"BdSQdEL/CWuLCZxSi1kuLDT+jB9zsll5E0lzWYLufbYS","privKey":"6Buut2G7BMuc8KNmrNIZZMq6InqxQntkr3QNS1kSjGE="},"lastRemoteEphemeralKey":"BfdpPdHvo54sFQGgKl0PdyfmJs9udPSXFx4tIdIYbBEd","previousCounter":0,"rootKey":"k2TGOOF9B+uZrxVmXwjJFfEmKtgLf3YksaULcnABl/A="},"indexInfo":{"baseKey":"Bdg/J3gmpwlXIsKJUnnVl9IukEpjxboMy3n5Ufxuegsz","baseKeyType":2,"closed":-1,"used":1750581211961,"created":1750581211961,"remoteIdentityKey":"BdxHpSRr8ug8qMlLUH+aJ9NU4h7AZxro0Qv0ApVfNpUL"},"_chains":{"BfdpPdHvo54sFQGgKl0PdyfmJs9udPSXFx4tIdIYbBEd":{"chainKey":{"counter":0,"key":"J5oki8y8Bzv742TT4qa/t3vyGEE7edoCqxaL7+yTpRQ="},"chainType":2,"messageKeys":{}},"BdSQdEL/CWuLCZxSi1kuLDT+jB9zsll5E0lzWYLufbYS":{"chainKey":{"counter":0,"key":"LPRrhDLtFh24ZCXwrVNNb95s3F+Tzvhwtsr2YLO21G8="},"chainType":1,"messageKeys":{}}}}},"version":"v1"}