{"_sessions":{"BT6uszoBExdgJxKEEdXRuFOvvVwIshivv2lrxpVDrk9m":{"registrationId":1865223673,"currentRatchet":{"ephemeralKeyPair":{"pubKey":"BQuZnMDdA1BRfjEA4uqJBmZJpV1fOUDMG2SUkpXrOqNU","privKey":"UID/vFdOSp1o72wY2rZMDJsTB6Gz6ItWAxEEouw5Uko="},"lastRemoteEphemeralKey":"BV3CpV9dBCLMRsntj1E+mRxch4Kl2nDTg9tp52dfiSQb","previousCounter":0,"rootKey":"iMnDJo2Y8EvNIgOt2PVZh7ktFBI5bvKsj6ZAD7UJ7Do="},"indexInfo":{"baseKey":"BT6uszoBExdgJxKEEdXRuFOvvVwIshivv2lrxpVDrk9m","baseKeyType":1,"closed":-1,"used":1750611135877,"created":1750611135877,"remoteIdentityKey":"BYKbIhcAeDRdbZTcy8QrP/5+cW95k42uqrmSbcGS2iJY"},"_chains":{"BQuZnMDdA1BRfjEA4uqJBmZJpV1fOUDMG2SUkpXrOqNU":{"chainKey":{"counter":0,"key":"/eYDpEKkSCou+FEooGaz1GsM1B13RYcN9XzyLJbQe0s="},"chainType":1,"messageKeys":{}}},"pendingPreKey":{"signedKeyId":24,"baseKey":"BT6uszoBExdgJxKEEdXRuFOvvVwIshivv2lrxpVDrk9m","preKeyId":4645}}},"version":"v1"}