{"_sessions":{"Bagulj9kXm3NZvfeC6zRZTqqIMEe7eqKoEcprqzeyVle":{"registrationId":1277088051,"currentRatchet":{"ephemeralKeyPair":{"pubKey":"BeyKHK0SqITCtruNhTC1Uaq7XhO3wRX41K3yWMNpQfJO","privKey":"wOgIZnyCJGwGpZLgsosD+ZTXEDqVXpCmhmeD3fq9ym8="},"lastRemoteEphemeralKey":"BTze1cg1PiDuznIyr4pcgnJH+asv0qJDRTxi61FNTbIo","previousCounter":0,"rootKey":"qhdcXfH/02W5sUXaJ8qS2KPHUrZ+LOrL47zJa1J8FRQ="},"indexInfo":{"baseKey":"Bagulj9kXm3NZvfeC6zRZTqqIMEe7eqKoEcprqzeyVle","baseKeyType":1,"closed":-1,"used":1750611136261,"created":1750611136261,"remoteIdentityKey":"BUJwqFIe8UcZ6sh9mNOZsJC+1aIjr6eldgZYSwg8N4pQ"},"_chains":{"BeyKHK0SqITCtruNhTC1Uaq7XhO3wRX41K3yWMNpQfJO":{"chainKey":{"counter":0,"key":"mGcQAyRzAz0oNC3S82gJjklUrIVUjlyOXtoMbnWX22E="},"chainType":1,"messageKeys":{}}},"pendingPreKey":{"signedKeyId":1,"baseKey":"Bagulj9kXm3NZvfeC6zRZTqqIMEe7eqKoEcprqzeyVle","preKeyId":15301999}}},"version":"v1"}