{"_sessions":{"Bf9e48/OZU3aiTycLMab2ZnwxpVI6AA9PUSLaCSBm4ty":{"registrationId":1632165670,"currentRatchet":{"ephemeralKeyPair":{"pubKey":"Bd4bElXmF3Sa5HhGqfWyWnW5N4Up/yoDgGHhIsbmHSQZ","privKey":"IO45OaNW2PCz6vYsYx2CMpiEMz/8P7SVFnT/zCkg73M="},"lastRemoteEphemeralKey":"BTW69IUWb8Otevr37Rj23OE7e/tRnpL3VNg1RLULeDQB","previousCounter":0,"rootKey":"//LtSgwjb+eoazJ1hqiCn5fOBWREVV0GwSS++VmxVLk="},"indexInfo":{"baseKey":"Bf9e48/OZU3aiTycLMab2ZnwxpVI6AA9PUSLaCSBm4ty","baseKeyType":1,"closed":-1,"used":1750610992470,"created":1750610992470,"remoteIdentityKey":"BRMzXLloNLumB893C9ALzCD5bdpREkF3cFxwo/rsJCd2"},"_chains":{"Bd4bElXmF3Sa5HhGqfWyWnW5N4Up/yoDgGHhIsbmHSQZ":{"chainKey":{"counter":0,"key":"oKuDiTkRr6vuh5wIRApgDe1iyX0gV2UqARdc8vVyQSw="},"chainType":1,"messageKeys":{}}},"pendingPreKey":{"signedKeyId":4,"baseKey":"Bf9e48/OZU3aiTycLMab2ZnwxpVI6AA9PUSLaCSBm4ty","preKeyId":3089}}},"version":"v1"}