{"_sessions":{"BXFMTepaqfGrkH+4xMvHq3NVhu/meSXiR1qIjwfeE/Nz":{"registrationId":2134187139,"currentRatchet":{"ephemeralKeyPair":{"pubKey":"Baoi9qPGBZVh3S2buBL3daPsJQxBaoofJfGdXpp4arhJ","privKey":"WKwHkw2EiK+S8vMmy9Un2YHy2Q+HHVvb5VTLX32N3X8="},"lastRemoteEphemeralKey":"BZKl7G4teJ9RQ59r9WgytS2oDB7Jh+7hW9GrmEiL8UkK","previousCounter":0,"rootKey":"OEb870FGR+PLSpsXms/uIER9Q5sDdTsGOHO5ZMF25HQ="},"indexInfo":{"baseKey":"BXFMTepaqfGrkH+4xMvHq3NVhu/meSXiR1qIjwfeE/Nz","baseKeyType":1,"closed":-1,"used":1750611136182,"created":1750611136182,"remoteIdentityKey":"BRX30yFbSbHB7ZsxfRS22cOcRPBEYgpSZyUGCOPY9Rwa"},"_chains":{"Baoi9qPGBZVh3S2buBL3daPsJQxBaoofJfGdXpp4arhJ":{"chainKey":{"counter":0,"key":"+YZYiYcevk0xyK2BXz3nip1A8U0+h14UZckqfk7m1pY="},"chainType":1,"messageKeys":{}}},"pendingPreKey":{"signedKeyId":11,"baseKey":"BXFMTepaqfGrkH+4xMvHq3NVhu/meSXiR1qIjwfeE/Nz","preKeyId":5889618}}},"version":"v1"}