{"_sessions":{"Bebbv3hlOuIMm6hyBVAUCcEv24LrFjkbBll0DzGukq8q":{"registrationId":1014656869,"currentRatchet":{"ephemeralKeyPair":{"pubKey":"BZ6PW1TRZefuzhURNlgp4YfJd2WDGo7Cxnu7Vkr2NEMa","privKey":"2IvuqyEO8v2NUtVsa4frYFqdhkZCZJLZX/XWt8s3yF8="},"lastRemoteEphemeralKey":"BZB1WbpfmNh4aAAJei//XNOEds7icgp7/g/1DILO1K9s","previousCounter":0,"rootKey":"V2B9VSivL7SsKnzuGMs7gi7CuLZlODyVW799178yt44="},"indexInfo":{"baseKey":"Bebbv3hlOuIMm6hyBVAUCcEv24LrFjkbBll0DzGukq8q","baseKeyType":2,"closed":-1,"used":1750616906485,"created":1750616906485,"remoteIdentityKey":"BfzROq5o/941Av+nshu8u+yKcYbWpPDiWhQncVlKsvMe"},"_chains":{"BZB1WbpfmNh4aAAJei//XNOEds7icgp7/g/1DILO1K9s":{"chainKey":{"counter":1,"key":"zVZrvvCFFIJ5bIV6Ajk5LMvvg/+5hJpwbR4ADsH/hmc="},"chainType":2,"messageKeys":{}},"BZ6PW1TRZefuzhURNlgp4YfJd2WDGo7Cxnu7Vkr2NEMa":{"chainKey":{"counter":-1,"key":"RpNoRlQQZHOACiAly51qGDH/GByLwHySNF7+0SsIM+Q="},"chainType":1,"messageKeys":{}}}}},"version":"v1"}