{"_sessions":{"BUBjFVhqi4c8ePnPqdHyOlVbbGD3HREbxubuuBbBiDZl":{"registrationId":1035604760,"currentRatchet":{"ephemeralKeyPair":{"pubKey":"BVfFdOkoQfls4Ye7xXVCO7pQk/hJYpDpcpyCBJzfMecD","privKey":"4FX5KmUh3ePYIm+i8F0DHxjx2zYxFrCaDPpItem4sVg="},"lastRemoteEphemeralKey":"BWu3NlOm4n++XJ7mkrzTIx+7lxtq/sZmvWigStkUyRpO","previousCounter":0,"rootKey":"ul73W6LsW70i48BrZwkZxwW7mjQ+nlbI6U4HsK8CqlM="},"indexInfo":{"baseKey":"BUBjFVhqi4c8ePnPqdHyOlVbbGD3HREbxubuuBbBiDZl","baseKeyType":2,"closed":-1,"used":1750616943271,"created":1750616943271,"remoteIdentityKey":"BWnOgI+zs+faLupvFbcWcMpjPQOPIDxeH3Z5HGEF7ypd"},"_chains":{"BWu3NlOm4n++XJ7mkrzTIx+7lxtq/sZmvWigStkUyRpO":{"chainKey":{"counter":0,"key":"/EscMcvsd+XPpik3EHo/oJYlMLyF5/WsvcGcOftlJcI="},"chainType":2,"messageKeys":{}},"BVfFdOkoQfls4Ye7xXVCO7pQk/hJYpDpcpyCBJzfMecD":{"chainKey":{"counter":-1,"key":"z/q9hkEhIb5a4lRiaeyNeeR16JEAZWQ/0exHjj03zX0="},"chainType":1,"messageKeys":{}}}}},"version":"v1"}