{"_sessions":{"Ba7EuXDZN5t6efdhnEEvqAn6Wud/Fp2TA17wo3GuWvZb":{"registrationId":1475216274,"currentRatchet":{"ephemeralKeyPair":{"pubKey":"BUkmknGuGajkkcf/i6lukU8po98EOEHy4zMjx2K5qCF/","privKey":"eFMW4B0LE/Q6DAxj2SYU7rAQNGV1CmofRzwAN8CiHWk="},"lastRemoteEphemeralKey":"BQ6Udw/DRsmuM3kw76qyqv4s7u2ly0j3EnSyZPaZfRIg","previousCounter":0,"rootKey":"BklJEvXXh7zOZ3xAYhb9jXqxrb1hIirWRZh2FQl6E0Y="},"indexInfo":{"baseKey":"Ba7EuXDZN5t6efdhnEEvqAn6Wud/Fp2TA17wo3GuWvZb","baseKeyType":1,"closed":-1,"used":1750611135982,"created":1750611135982,"remoteIdentityKey":"BYh/BuENz5lNRAc9dS7NmwuTkhJPOOh3W8+ZZlhi/ptb"},"_chains":{"BUkmknGuGajkkcf/i6lukU8po98EOEHy4zMjx2K5qCF/":{"chainKey":{"counter":0,"key":"gRaiklmCvl4IkEXJqNKewTgNFxzfr6mUcWRlnvGAJZw="},"chainType":1,"messageKeys":{}}},"pendingPreKey":{"signedKeyId":15,"baseKey":"Ba7EuXDZN5t6efdhnEEvqAn6Wud/Fp2TA17wo3GuWvZb","preKeyId":3736790}}},"version":"v1"}