{"_sessions":{"Bcf5PuhdI5Wn6oFBZ9qlupb3mqPG/VBxaK5F5ohi0Rop":{"registrationId":1843935184,"currentRatchet":{"ephemeralKeyPair":{"pubKey":"BdyBBbc199a9R8CWko1ay2DO6LSiT4hnhvarQZD7AEJv","privKey":"0C4jqJUrvRa2Y3nlFKQuqtLI15TKPMLRnkDOIfzVK3I="},"lastRemoteEphemeralKey":"BXuz3znSBqHbET45Oc8ga06iCARlzjlicRIDbglb+UA3","previousCounter":0,"rootKey":"saTTP80zxix7k+1DqEGlymIJy2Nk6fD7rHQs8RtfEHo="},"indexInfo":{"baseKey":"Bcf5PuhdI5Wn6oFBZ9qlupb3mqPG/VBxaK5F5ohi0Rop","baseKeyType":2,"closed":-1,"used":1750578795705,"created":1750578795705,"remoteIdentityKey":"Bf+CymC2Bltte9XMyFbts8FUMSqPqR/lnfxACZM2tV8W"},"_chains":{"BXuz3znSBqHbET45Oc8ga06iCARlzjlicRIDbglb+UA3":{"chainKey":{"counter":1,"key":"OZ2XYO3uYZO5PTSArJnWjYubX3/+VC7siKLkSBEr2fQ="},"chainType":2,"messageKeys":{}},"BdyBBbc199a9R8CWko1ay2DO6LSiT4hnhvarQZD7AEJv":{"chainKey":{"counter":1,"key":"HwwlQkqvVTouj7aGF8cyCbWtmf3kdr2ia+EGZ5v7r54="},"chainType":1,"messageKeys":{}}}}},"version":"v1"}