{"_sessions":{"BWQasf58ZyNmVvA6nTi8YeM4RjbfPGkPJbXWL+CPXdJc":{"registrationId":869099652,"currentRatchet":{"ephemeralKeyPair":{"pubKey":"BeI3JvsoEBiAjR5uEltKzoWzDFaiu00YBqO6+/3YvKRO","privKey":"mFFypIxKIa1DNxPUlzUotEBYLI7ePTnIFY9LjOfMN1k="},"lastRemoteEphemeralKey":"BXcIZ7uhvj4GM94e5X/n9Da8BmeMTTZ99mB4vFv5N5h9","previousCounter":0,"rootKey":"VEtkKPH7SmFgIyLhkFf2D1Qj45nH4H0DwdqQ/lsiBzs="},"indexInfo":{"baseKey":"BWQasf58ZyNmVvA6nTi8YeM4RjbfPGkPJbXWL+CPXdJc","baseKeyType":1,"closed":-1,"used":1750610992874,"created":1750610992874,"remoteIdentityKey":"BT5ex8qD4bBFK9bUhSsG2SaUS1hpsJMATarK/6Xi5NVc"},"_chains":{"BeI3JvsoEBiAjR5uEltKzoWzDFaiu00YBqO6+/3YvKRO":{"chainKey":{"counter":0,"key":"f1KQFZN0/3uWHFhwN9fb7DDsHUsR8zJ9qYdSaFx4GaM="},"chainType":1,"messageKeys":{}}},"pendingPreKey":{"signedKeyId":17,"baseKey":"BWQasf58ZyNmVvA6nTi8YeM4RjbfPGkPJbXWL+CPXdJc","preKeyId":1530994}}},"version":"v1"}