{"_sessions":{"BT9/36yUC1J1j8cY/5Ukzmed3taSHx513LbSFLqaiJsQ":{"registrationId":2198,"currentRatchet":{"ephemeralKeyPair":{"pubKey":"BWsDP6ByXADKNRB6/qPNBKjKaGaDd6YkgxEaCVrH5lZW","privKey":"CC8ng/dElfIDgJg1nxYYa4f0ug19zJ9eMZJMLBUTQnY="},"lastRemoteEphemeralKey":"BcedPjDDMA/GeHLLLsSw1RABSVVWTVIMGN6XhkTz0+M9","previousCounter":0,"rootKey":"+MfXbpsH7u+9pFZkXbrBf1JiZHdytibNFpG69byRdjA="},"indexInfo":{"baseKey":"BT9/36yUC1J1j8cY/5Ukzmed3taSHx513LbSFLqaiJsQ","baseKeyType":1,"closed":-1,"used":1750608416071,"created":1750608416071,"remoteIdentityKey":"BRnPJ6WCbw+bS9rMPs9MmABMJcUWUo9q4tFCwH4d9SRi"},"_chains":{"BWsDP6ByXADKNRB6/qPNBKjKaGaDd6YkgxEaCVrH5lZW":{"chainKey":{"counter":0,"key":"D9RXtdqpMGLmjC1Sk4e3/Ni5y+BWAbwmZ6LzIMFJybk="},"chainType":1,"messageKeys":{}}},"pendingPreKey":{"signedKeyId":1,"baseKey":"BT9/36yUC1J1j8cY/5Ukzmed3taSHx513LbSFLqaiJsQ","preKeyId":717}}},"version":"v1"}