{"_sessions":{"BRUBszPvY0qU7gEY0p1UdwxP12fjEqEqdNY8XvJqnAQC":{"registrationId":995902955,"currentRatchet":{"ephemeralKeyPair":{"pubKey":"BWTejskAtTEFfFIWfF21OmRJ2spDp6bQ9iBqBdxxm7Yi","privKey":"mAwyYFIaZKVwa0cPeTdq5jQKJ3btmihn1L8beMpLUmU="},"lastRemoteEphemeralKey":"BWWC6Pomof9sA74Tle2v4OkzG/DO3Nf4HYFqWXGgxL0f","previousCounter":0,"rootKey":"Ar2aoFBpPHd/2aPMSq/YkB5EAYYaulxiI6OLFEZNx4E="},"indexInfo":{"baseKey":"BRUBszPvY0qU7gEY0p1UdwxP12fjEqEqdNY8XvJqnAQC","baseKeyType":2,"closed":-1,"used":1750623203539,"created":1750623203539,"remoteIdentityKey":"BcG9TxIB8i4ueEulJ9W+/Dz1DOU7KQ0QBAoNiRxFxiUs"},"_chains":{"BWWC6Pomof9sA74Tle2v4OkzG/DO3Nf4HYFqWXGgxL0f":{"chainKey":{"counter":0,"key":"rYOHD2zFipccc43JHr8P1I6QMf5KKEdNVcspz13ILzc="},"chainType":2,"messageKeys":{}},"BWTejskAtTEFfFIWfF21OmRJ2spDp6bQ9iBqBdxxm7Yi":{"chainKey":{"counter":-1,"key":"RyVE5a4berZPo4vRVAfziTrz7rwCkI6dPMYhkBxC3Ks="},"chainType":1,"messageKeys":{}}}}},"version":"v1"}