{"_sessions":{"BSlNL8bDzaTv5YI3HXmANhqxjLXAVUoeQXS5IUOLKdtm":{"registrationId":1555726717,"currentRatchet":{"ephemeralKeyPair":{"pubKey":"BfV2rqsrbz01bpXWRA3RKr1/KcCQ1G5uwW1D6FQGCDE9","privKey":"IBt7BEp5ZqaF5i8jlrxue0bty84QRE3byjLsdvpG72Y="},"lastRemoteEphemeralKey":"BUYYeN+9sl/K+1aRfHIOpJ86zkNFbN5J5QLrSxOSCNVm","previousCounter":1,"rootKey":"E2ZGCnyXApUIVeIzdCaXXHduQnb3eWr5F1yBR8gatdg="},"indexInfo":{"baseKey":"BSlNL8bDzaTv5YI3HXmANhqxjLXAVUoeQXS5IUOLKdtm","baseKeyType":2,"closed":-1,"used":1750622515231,"created":1750592004407,"remoteIdentityKey":"BQf9IFySVCeo4QDjKV2kLOK0NaRlOXHIHsFj2g9MQr4X"},"_chains":{"BQwtXq7+zSrAwZtypoH4QW/ptK24J0G6ePsi2aw7Irdp":{"chainKey":{"counter":1},"chainType":2,"messageKeys":{"1":"ANfgdP0w/b5w9LrXBcmH0FEww9S+PsVPFfC5cZlMneQ="}},"BUYYeN+9sl/K+1aRfHIOpJ86zkNFbN5J5QLrSxOSCNVm":{"chainKey":{"counter":4,"key":"RzhMx5Y859cXlTaGMDY1+3yxr5L4Iddaw2OdMk7l1MY="},"chainType":2,"messageKeys":{"1":"YckdQbySMK0FKUIs1/6oe5O0VIDB9Y9zQueJWm8GQeM="}},"BfV2rqsrbz01bpXWRA3RKr1/KcCQ1G5uwW1D6FQGCDE9":{"chainKey":{"counter":-1,"key":"E3xhnuLKb9d8g6jSKCiAEC/x5OPXAVtcLGapXXlkxe8="},"chainType":1,"messageKeys":{}}}}},"version":"v1"}