{"_sessions":{"BYKEkUFXaz7rVnf6cNX83YVRJAEERnbpEw8ja18q2Goo":{"registrationId":555555709,"currentRatchet":{"ephemeralKeyPair":{"pubKey":"BRGvB+rVqaPSJkz0dR1MWa9TRYTC3WVUU/yn53zcb7Jq","privKey":"qGGcZxtIyQSL1hjeIgCOleTkL7gEW+ihYjOmju5gKXE="},"lastRemoteEphemeralKey":"BRD2H9ngUMsnNZqzXhBB6mJABNdwJ8j7dk9hzkkPfoUL","previousCounter":0,"rootKey":"QdhjsNUk3iuCTxB1m7fZaJorS93xxys9SAjOYl2/Skc="},"indexInfo":{"baseKey":"BYKEkUFXaz7rVnf6cNX83YVRJAEERnbpEw8ja18q2Goo","baseKeyType":1,"closed":-1,"used":1750610992371,"created":1750610992371,"remoteIdentityKey":"BRb5J9tvIkpvAHI1yRSanZBaRpLnJRntrCslrzuliINJ"},"_chains":{"BRGvB+rVqaPSJkz0dR1MWa9TRYTC3WVUU/yn53zcb7Jq":{"chainKey":{"counter":0,"key":"So+wcSKf4TzhrbE/I4Kx8LI74GDC5EZcuxsdN7YkpWE="},"chainType":1,"messageKeys":{}}},"pendingPreKey":{"signedKeyId":16,"baseKey":"BYKEkUFXaz7rVnf6cNX83YVRJAEERnbpEw8ja18q2Goo","preKeyId":2800}}},"version":"v1"}