{"_sessions":{"BYrnYB7Y5NS4uhESv9iowVLJQ6RwWgpk0s5GYMZAAswN":{"registrationId":5497,"currentRatchet":{"ephemeralKeyPair":{"pubKey":"BYGnYuS5YP+1jFer8QJIemxMhasxqwoy9UNcBOuAWR51","privKey":"KOUyH6z/lh8RhEcIiZufNs0yzJ2AM39k4ccGmsjjcFs="},"lastRemoteEphemeralKey":"BYrsPWqRiDciMCmZe+1hDOQde2b0G67N9abeGhMNrYFD","previousCounter":0,"rootKey":"QntqYuOBXxH9Es5ueexSbhnBC/a1rEHRMejL7tO6gqI="},"indexInfo":{"baseKey":"BYrnYB7Y5NS4uhESv9iowVLJQ6RwWgpk0s5GYMZAAswN","baseKeyType":1,"closed":-1,"used":1750610992377,"created":1750610992377,"remoteIdentityKey":"Bd6R9slbjVn4DefzeBojN3tFlhquvMhITngYqBc4LrEd"},"_chains":{"BYGnYuS5YP+1jFer8QJIemxMhasxqwoy9UNcBOuAWR51":{"chainKey":{"counter":0,"key":"9Bv/N9a5NCBK7aH4bJKjyPvukWXy5mwxO81Nw/i1/ic="},"chainType":1,"messageKeys":{}}},"pendingPreKey":{"signedKeyId":1,"baseKey":"BYrnYB7Y5NS4uhESv9iowVLJQ6RwWgpk0s5GYMZAAswN"}}},"version":"v1"}