{"_sessions":{"BXJIRbkLp2iTe+k0fgSC6sb+MzTlZOCFbrhS4TujSed5":{"registrationId":1154856775,"currentRatchet":{"ephemeralKeyPair":{"pubKey":"Bez3BydWWYuURs8hhhA+4XE+AKri11RXhU7VpqFwXEhz","privKey":"SHcx+dsjhMp3J9EOZRPeNzovwUk0NakzzXqjndODy2A="},"lastRemoteEphemeralKey":"BVRrhpV543x3uCkrwj+IKejVN0HekuwLIB3fY9xfJ50g","previousCounter":0,"rootKey":"jMqbtMjWfyETYpfCox2EsNs42ojrYQwS+zemIcNznTM="},"indexInfo":{"baseKey":"BXJIRbkLp2iTe+k0fgSC6sb+MzTlZOCFbrhS4TujSed5","baseKeyType":2,"closed":-1,"used":1750622193450,"created":1750622193450,"remoteIdentityKey":"BXeSeD4/CwXrpedvDDMoE05AkFe0ZEFD4KEwvp/4lVRV"},"_chains":{"BVRrhpV543x3uCkrwj+IKejVN0HekuwLIB3fY9xfJ50g":{"chainKey":{"counter":1,"key":"9Tc7jxSHWWBlatMbQKp6lF4yvQ0ykGAa3SNyL+MrU2c="},"chainType":2,"messageKeys":{}},"Bez3BydWWYuURs8hhhA+4XE+AKri11RXhU7VpqFwXEhz":{"chainKey":{"counter":-1,"key":"1z5rUoXsGpLU1Uybb+UsfoeKBXCl/u9tC1Lu5dmRYOQ="},"chainType":1,"messageKeys":{}}}}},"version":"v1"}