{"_sessions":{"BWzBAD5Q8xOOV2/LItaEgYnyCdpUmECFw3l+y5pSf9U8":{"registrationId":12875,"currentRatchet":{"ephemeralKeyPair":{"pubKey":"BatkapmlsvH97aAJdTSFnL2D2x6vOfhcC8akqO1gCJQX","privKey":"uOZgfKnwp/4tN/xKEWQ1lFKEzVTyMrEshbZbYYtDA1U="},"lastRemoteEphemeralKey":"BY7z3Ra62W6fWlUwQ/I7S7BTFEitPWIZKuW1vE74iBIU","previousCounter":0,"rootKey":"LysSKp4rqWaTT6SX50gmKutwIg9epKxl15donLAkWck="},"indexInfo":{"baseKey":"BWzBAD5Q8xOOV2/LItaEgYnyCdpUmECFw3l+y5pSf9U8","baseKeyType":1,"closed":-1,"used":1750608415781,"created":1750608415781,"remoteIdentityKey":"BUf8mcfC2OtRaeExFiDWqxyQHLyWQTMTgytqHBVijSB0"},"_chains":{"BatkapmlsvH97aAJdTSFnL2D2x6vOfhcC8akqO1gCJQX":{"chainKey":{"counter":0,"key":"8MMaxSpVl4Dc0Ag5NnWvoJcEEWWZFk74NiC85cTQ/zs="},"chainType":1,"messageKeys":{}}},"pendingPreKey":{"signedKeyId":1,"baseKey":"BWzBAD5Q8xOOV2/LItaEgYnyCdpUmECFw3l+y5pSf9U8"}}},"version":"v1"}