{"_sessions":{"BaJePYMbjGirckCE6ZSuiL0KtQyqRHKHW9Z1wBk2yGQd":{"registrationId":406524443,"currentRatchet":{"ephemeralKeyPair":{"pubKey":"BY6UrA3ahV63LVbT7vwoSUDSb2jLydaTpOJ7pgHHbVwU","privKey":"6K3ikHlmzNCUydKQGpDlBcERi/T5WkHWazyoLH6Xr3I="},"lastRemoteEphemeralKey":"BfqSmc/kF765yGi+xKKUK6nj0DWekDNEHvcodvbke2JZ","previousCounter":0,"rootKey":"sIW2dK82bPB4aqM+ipPWyDa/wjXlaiDUa90gzfXR3Ys="},"indexInfo":{"baseKey":"BaJePYMbjGirckCE6ZSuiL0KtQyqRHKHW9Z1wBk2yGQd","baseKeyType":1,"closed":-1,"used":1750611136669,"created":1750611136669,"remoteIdentityKey":"Bfr1nP1spOaRDUY8Z5HJqCSDPfAcYUzoJLukzYEutJd4"},"_chains":{"BY6UrA3ahV63LVbT7vwoSUDSb2jLydaTpOJ7pgHHbVwU":{"chainKey":{"counter":0,"key":"7ncxMQV1389D4zGktIfaqaHdsFb/bzK4P/77be7QmWM="},"chainType":1,"messageKeys":{}}},"pendingPreKey":{"signedKeyId":5,"baseKey":"BaJePYMbjGirckCE6ZSuiL0KtQyqRHKHW9Z1wBk2yGQd","preKeyId":13888785}}},"version":"v1"}