{"_sessions":{"BT1WwDw2a19Nen+bReDub9/so+ovndjscQIMrdKR+GdB":{"registrationId":650785363,"currentRatchet":{"ephemeralKeyPair":{"pubKey":"BalmBvGpqqODBCOl5o9N2p8w9u1vM+/oVDj4N+9/xatV","privKey":"8JNGyyHtHG3KWozRZSd9tq4SoWiBA6qSfb/1xhRnclk="},"lastRemoteEphemeralKey":"BTny0KBTAoVHabccNitID1z8OpfDzbYG4An2jYK5ptQ0","previousCounter":0,"rootKey":"JXNGn0dmvgU8SRMd3My/C9e4n2/SCkOc/A4SUkLPMys="},"indexInfo":{"baseKey":"BT1WwDw2a19Nen+bReDub9/so+ovndjscQIMrdKR+GdB","baseKeyType":2,"closed":-1,"used":1750589590749,"created":1750589590749,"remoteIdentityKey":"BWtbjX2Zggjuo95pJrjVnzcwrYK/hvG+xFyf7nLW1v8b"},"_chains":{"BTny0KBTAoVHabccNitID1z8OpfDzbYG4An2jYK5ptQ0":{"chainKey":{"counter":0,"key":"0C/NcfAGq3uzf1huMopBdUCPMxWGBjiiZqHKxdaz3ek="},"chainType":2,"messageKeys":{}},"BalmBvGpqqODBCOl5o9N2p8w9u1vM+/oVDj4N+9/xatV":{"chainKey":{"counter":-1,"key":"cEG/yeUDMIzrWyZSD6vZFPudPMT9ESdnpqrgSow94U0="},"chainType":1,"messageKeys":{}}}}},"version":"v1"}