{"_sessions":{"BQYD4bNCN0/U/fAO6FvZbGgC5t6/8C6+cSDUnxA7Y/k8":{"registrationId":1825888054,"currentRatchet":{"ephemeralKeyPair":{"pubKey":"BWvznlEuMJmL6cAlG8B7SXgNlCWkcX7IrBgRP7v0qGxa","privKey":"cBcbr866JOzSVEQf2YHfSbLme5xyCDVW4htL6fPQj2Q="},"lastRemoteEphemeralKey":"BQUBR6b06aW7qHffA7XjQzyN0OeaYu/gO/vP+Le8Fkhv","previousCounter":0,"rootKey":"jJqjiBiVs0jqS/2coKPjscawoqQwFfDZm+D5s3XC8IU="},"indexInfo":{"baseKey":"BQYD4bNCN0/U/fAO6FvZbGgC5t6/8C6+cSDUnxA7Y/k8","baseKeyType":1,"closed":-1,"used":1750611136360,"created":1750611136360,"remoteIdentityKey":"BZ8DcStusrbHD7pAJwqRqiGFsS4JN/LuwnLz5L5w5hY+"},"_chains":{"BWvznlEuMJmL6cAlG8B7SXgNlCWkcX7IrBgRP7v0qGxa":{"chainKey":{"counter":0,"key":"prWf3Vxc08XtHhnuMSjvplnBL+sovRu8q6a3BknWQRo="},"chainType":1,"messageKeys":{}}},"pendingPreKey":{"signedKeyId":49,"baseKey":"BQYD4bNCN0/U/fAO6FvZbGgC5t6/8C6+cSDUnxA7Y/k8","preKeyId":5038144}}},"version":"v1"}