{"_sessions":{"BZvYdURP0FMRgDjymBqOUAyfVM9TFVAbMnNuFG5FGiMm":{"registrationId":312239751,"currentRatchet":{"ephemeralKeyPair":{"pubKey":"BWXDJN3D5998IalRuPvWzFwf8JzBhjhOXg/+oeV80lt0","privKey":"6Fhjt2huI6BY+lfnIkvF8AQw8yGDKl3naTFmS0qz7nk="},"lastRemoteEphemeralKey":"BQbtAuRA6HRp6HimTxpq/vGR33Kv+bjBWBI5A1xQVYM0","previousCounter":0,"rootKey":"VITtxIgRREmndPmWdBhpuLpkhGdXUnt/GEsFjZ/V+Nw="},"indexInfo":{"baseKey":"BZvYdURP0FMRgDjymBqOUAyfVM9TFVAbMnNuFG5FGiMm","baseKeyType":2,"closed":-1,"used":1750585504601,"created":1750585504601,"remoteIdentityKey":"BaTK6yMtucEGIm/KZjNEDbStO3hrS+XtQJb5/8W02wQh"},"_chains":{"BQbtAuRA6HRp6HimTxpq/vGR33Kv+bjBWBI5A1xQVYM0":{"chainKey":{"counter":3,"key":"VU5DTOk5dZORQpBBTdzUgQpjNMdjGmeaYcZZzKZcheY="},"chainType":2,"messageKeys":{}},"BWXDJN3D5998IalRuPvWzFwf8JzBhjhOXg/+oeV80lt0":{"chainKey":{"counter":-1,"key":"yEzN2dN9/GluTxnbLOPVWA45qr0ngCnxIdIB5ZbOGi0="},"chainType":1,"messageKeys":{}}}}},"version":"v1"}