{"_sessions":{"BSFLVxLV9qY2R6Ndyx93R2J2/09rx8/Kd8CSceQHJacf":{"registrationId":563612893,"currentRatchet":{"ephemeralKeyPair":{"pubKey":"BQoKlPys142Mi1Q/9+YVXhrtn04fRXlg7jgxA+3XYOBA","privKey":"uOuZ05KGP4G8mugIlyswR8TphxvN3giCzLSqDLL3VGw="},"lastRemoteEphemeralKey":"BflubW+WfvpE4t4W89ItrWfx5mSypW5/G5TlMkBlcwMc","previousCounter":0,"rootKey":"MUo8XBKj96kBAFj5Ioa7D4uLlohJKR9D4zYYQpM3hH8="},"indexInfo":{"baseKey":"BSFLVxLV9qY2R6Ndyx93R2J2/09rx8/Kd8CSceQHJacf","baseKeyType":2,"closed":-1,"used":1750622126862,"created":1750586953553,"remoteIdentityKey":"BZ2oU5yln0L3hXsGpavtFGaGJ3aFfnm1ScQ6PyoQGWku"},"_chains":{"Bboa1YlKYgk9FuYuEWp/DQ6T0+MlsbeHxAqW+S6IzjBa":{"chainKey":{"counter":0},"chainType":2,"messageKeys":{}},"BflubW+WfvpE4t4W89ItrWfx5mSypW5/G5TlMkBlcwMc":{"chainKey":{"counter":0,"key":"NZLj9w5j/VeasC+ZSMJMuAdZt5eACcbmhucZIZ7Cuzw="},"chainType":2,"messageKeys":{}},"BQoKlPys142Mi1Q/9+YVXhrtn04fRXlg7jgxA+3XYOBA":{"chainKey":{"counter":-1,"key":"KEwUhemxV9LfKFLS8IGa8ya7aV9968YXdM9teaLCyeI="},"chainType":1,"messageKeys":{}}}}},"version":"v1"}