{"_sessions":{"BRhl/fS3y5WzG/jEmN5ErZdCa3OSi+mUHlXkh8ehiqhg":{"registrationId":384466457,"currentRatchet":{"ephemeralKeyPair":{"pubKey":"BRYkIFLnToVPA/2Zk2wpEBKvqoLbWJqHnXns+egXFtI9","privKey":"+H1W3KNcp3S2moGjBPFIqq/Z4nkx+mKrlKompLu2tXg="},"lastRemoteEphemeralKey":"BdgLq9779qnKJmwYRGW8750QhyKhCUjk1TeWUZoUA1Ua","previousCounter":0,"rootKey":"qv6Pie5QNb2gto12iA4dgtUQwjQbDQjM+84j1GQiud0="},"indexInfo":{"baseKey":"BRhl/fS3y5WzG/jEmN5ErZdCa3OSi+mUHlXkh8ehiqhg","baseKeyType":2,"closed":-1,"used":1750578834741,"created":1750578834741,"remoteIdentityKey":"BS5SEf2jIxN8viuKFFVq07ykwOiyLo7RtjFmKkubNnoz"},"_chains":{"BdgLq9779qnKJmwYRGW8750QhyKhCUjk1TeWUZoUA1Ua":{"chainKey":{"counter":1,"key":"gAyBbWbPYRbv+X4z7iYF3ozmPJQ05q5OLa00ZpicO0s="},"chainType":2,"messageKeys":{}},"BRYkIFLnToVPA/2Zk2wpEBKvqoLbWJqHnXns+egXFtI9":{"chainKey":{"counter":-1,"key":"tKApocESC7SRdwn4DX/MU+ucpmgnte1D8JLcEBVtEfE="},"chainType":1,"messageKeys":{}}}}},"version":"v1"}