{"_sessions":{"Ba/xUzEc/L5BGFTwqnNy2R/l00vKEI6v0tpm5+EMZ5Jx":{"registrationId":508180896,"currentRatchet":{"ephemeralKeyPair":{"pubKey":"BaUOkFtk6og21AbtlUQA2rrLCDlFo2V0zhjJCvdUQgE+","privKey":"mBf8o0AJr43K7vVjxfN4uZwDpIsp5VQsVVoNBmtXtUY="},"lastRemoteEphemeralKey":"BY8v/EdqhWp5ftJc2D2npgc7Y77tkoENz9zuMTWjW4gV","previousCounter":0,"rootKey":"NWq1lxEQ4YAU7PcTFViQakKct27sFwnfa3d+oNjibQg="},"indexInfo":{"baseKey":"Ba/xUzEc/L5BGFTwqnNy2R/l00vKEI6v0tpm5+EMZ5Jx","baseKeyType":1,"closed":-1,"used":1750610992879,"created":1750610992879,"remoteIdentityKey":"BV1CYTcxJwwBv8AuzpAcxu2cpxUDtzmwWEOrA8TAg1Bc"},"_chains":{"BaUOkFtk6og21AbtlUQA2rrLCDlFo2V0zhjJCvdUQgE+":{"chainKey":{"counter":0,"key":"Gi95aAevQkYyoSGOD4+waKLOWSkabdfG6CPtPA7zcJs="},"chainType":1,"messageKeys":{}}},"pendingPreKey":{"signedKeyId":17,"baseKey":"Ba/xUzEc/L5BGFTwqnNy2R/l00vKEI6v0tpm5+EMZ5Jx","preKeyId":12236641}}},"version":"v1"}