{"_sessions":{"BWQwtfAZFAWjiGtuh+be6T9s00E/VAJiIsxGsTA2+xEI":{"registrationId":1427778403,"currentRatchet":{"ephemeralKeyPair":{"pubKey":"Be8Ho3NgbjmsuEiqqgvJVilVgtAxZiFH4rcDpYr85FV/","privKey":"YIF01chjqiQiM/TALtboR+HUk1u7LRzOlzo0b/+2w0w="},"lastRemoteEphemeralKey":"BeI4rWZCMXcLSgx3ET9rvLYU1/McKgdQJT591ZEtpo5F","previousCounter":0,"rootKey":"A7f+P8B6ir3xT9ucFONWyVsGJuC+IJHtpxqcVnU6Qhk="},"indexInfo":{"baseKey":"BWQwtfAZFAWjiGtuh+be6T9s00E/VAJiIsxGsTA2+xEI","baseKeyType":2,"closed":-1,"used":1750581369165,"created":1750581369165,"remoteIdentityKey":"BWy+cT7lFfjb9bTi9CmieVS809eL5MtfUibhg/ILhh54"},"_chains":{"BeI4rWZCMXcLSgx3ET9rvLYU1/McKgdQJT591ZEtpo5F":{"chainKey":{"counter":0,"key":"P9itym2Tm4ysp4xwrWFkRCxpK0VKwAr5vfkjiJ3itOA="},"chainType":2,"messageKeys":{}},"Be8Ho3NgbjmsuEiqqgvJVilVgtAxZiFH4rcDpYr85FV/":{"chainKey":{"counter":0,"key":"jHrwkitItCCfWjWjjzBh101QdVBzADAFuzKPYccqaHk="},"chainType":1,"messageKeys":{}}}}},"version":"v1"}