{"_sessions":{"BZhzBUq1v7URqDON5i9ZsYM+CdW1yJDQumJynsmWPcVx":{"registrationId":498014055,"currentRatchet":{"ephemeralKeyPair":{"pubKey":"BVvLVjNVg6p05R/0gQ1e+PVG3iQZ5DmBtG/juUtABzdS","privKey":"yNy8rVooqBeIWmrpEwpJzsyjyfY8I0ebZCudnGxUj1U="},"lastRemoteEphemeralKey":"BRpD11HlTTMH1n03MoWe7Sb9ym5AynWRxY9opKSnbAZ2","previousCounter":0,"rootKey":"zMyCKzKL377cWKY5sgA7juKqg4vpimH3aEA1DBELnis="},"indexInfo":{"baseKey":"BZhzBUq1v7URqDON5i9ZsYM+CdW1yJDQumJynsmWPcVx","baseKeyType":1,"closed":-1,"used":1750610992679,"created":1750610992679,"remoteIdentityKey":"Beq5FaCgTKtLsvkqma6W22wHY7mYhppzXfzbRP3L2qMY"},"_chains":{"BVvLVjNVg6p05R/0gQ1e+PVG3iQZ5DmBtG/juUtABzdS":{"chainKey":{"counter":0,"key":"aB28Akdo+sjgCM6jQ7Y8zl7Wcxqeja5vVf6/8lp+pQI="},"chainType":1,"messageKeys":{}}},"pendingPreKey":{"signedKeyId":54,"baseKey":"BZhzBUq1v7URqDON5i9ZsYM+CdW1yJDQumJynsmWPcVx","preKeyId":10464285}}},"version":"v1"}