{"_sessions":{"BQl1W8PIER2GALUFY6KX9Qk0iiCDXli3Pr62qDKalEoe":{"registrationId":438407056,"currentRatchet":{"ephemeralKeyPair":{"pubKey":"BYZRh6kjQZ9uLYpRfwwFLvz6QAfW+wEFsPUT9LSfNrkR","privKey":"YMzMpYEAK7KBiK57wT/3Qi86nTH4QwfEm50iUWxZllM="},"lastRemoteEphemeralKey":"BfuZTJ7/z0A4PpTDxb+4pFM0s2TryTikejF6Jp3M6jlw","previousCounter":0,"rootKey":"okZMa2hzPIzSx+PFUiL2PZMRvNgEvCG0+HS1md/ozrI="},"indexInfo":{"baseKey":"BQl1W8PIER2GALUFY6KX9Qk0iiCDXli3Pr62qDKalEoe","baseKeyType":1,"closed":-1,"used":1750608416761,"created":1750608416761,"remoteIdentityKey":"BTaUYZarpp7I6maLoF1+Es73SESP8iR9plHkwSAfkc1C"},"_chains":{"BYZRh6kjQZ9uLYpRfwwFLvz6QAfW+wEFsPUT9LSfNrkR":{"chainKey":{"counter":0,"key":"0q80WQuZtqu98dxuPGXPyA8CbsDVL2/x+rzdEw3/X9w="},"chainType":1,"messageKeys":{}}},"pendingPreKey":{"signedKeyId":30,"baseKey":"BQl1W8PIER2GALUFY6KX9Qk0iiCDXli3Pr62qDKalEoe","preKeyId":2243034}}},"version":"v1"}