{"_sessions":{"BaHH6YOx5ghpld+BSXzni/VnMZC0TxrnwYC4iDyMEtY9":{"registrationId":1404641444,"currentRatchet":{"ephemeralKeyPair":{"pubKey":"BWiLNkb+mSuahgn68iWJEMu/mQUfrdmdTRcSn3AXDCxC","privKey":"6Myu7LY1Fc4m0CS7fNFH9x/4bboQx1K4UkWMuz2St3k="},"lastRemoteEphemeralKey":"BZK3jNVwUrGtf1LQ8DIrerBeG2DkUB7olnZtTAWSk9VN","previousCounter":0,"rootKey":"BDLR3/yPS9Dki7HlqynxZegQbwwGRLbyLWTA9UvDf38="},"indexInfo":{"baseKey":"BaHH6YOx5ghpld+BSXzni/VnMZC0TxrnwYC4iDyMEtY9","baseKeyType":1,"closed":-1,"used":1750608417079,"created":1750608417079,"remoteIdentityKey":"BQeE6si1jieg0F8sTwNy9QAi6hMpY/kG2y3Ep8VP4A90"},"_chains":{"BWiLNkb+mSuahgn68iWJEMu/mQUfrdmdTRcSn3AXDCxC":{"chainKey":{"counter":0,"key":"C/0iO9iQ56LsXuNVaGiSv4rTBtDLIWMeKpiMeiwo5BE="},"chainType":1,"messageKeys":{}}},"pendingPreKey":{"signedKeyId":21,"baseKey":"BaHH6YOx5ghpld+BSXzni/VnMZC0TxrnwYC4iDyMEtY9","preKeyId":10663325}}},"version":"v1"}