{"_sessions":{"BeLkL7kI/cYPx1Wu9yc6Yu8timBf4BJl9NVtcdtHnoV1":{"registrationId":476803154,"currentRatchet":{"ephemeralKeyPair":{"pubKey":"BdnTb2VwfVZEaNDCWULKrdXDnAl6ONTymp32XqgyYZ0/","privKey":"WBIoDSwF6jW4Kl3goU5TESI2DFCILLfYJfK6LsvSb0s="},"lastRemoteEphemeralKey":"BXuYZL79qEroNbWqO8Hdk6pdQwTgPQUGahUAD3ATOZ1l","previousCounter":0,"rootKey":"dPL9QWr1LCUzVaVbTmHLtU58mN30cJacuv8dI00Avsk="},"indexInfo":{"baseKey":"BeLkL7kI/cYPx1Wu9yc6Yu8timBf4BJl9NVtcdtHnoV1","baseKeyType":2,"closed":-1,"used":1750599242841,"created":1750599242841,"remoteIdentityKey":"BR6oMYe3VbHialwEt5enTqgGz7W8w6hqsVByO//4w3oB"},"_chains":{"BXuYZL79qEroNbWqO8Hdk6pdQwTgPQUGahUAD3ATOZ1l":{"chainKey":{"counter":0,"key":"t4rRoXT+RUoFOxlT0n507mytP/7iSODxCnrhXvxB5mI="},"chainType":2,"messageKeys":{}},"BdnTb2VwfVZEaNDCWULKrdXDnAl6ONTymp32XqgyYZ0/":{"chainKey":{"counter":-1,"key":"HcUX56u7p5EKaY7aktqr2VYnkfvvKEGkk3SRqfCTTJY="},"chainType":1,"messageKeys":{}}}}},"version":"v1"}