{"_sessions":{"BUbNLuJUzIBKMaaVdo6kmAPtw/R4mmbop1jI8zvJPTg/":{"registrationId":1610061000,"currentRatchet":{"ephemeralKeyPair":{"pubKey":"BcpW28Auw1p5TtIY5hvBlhmBToJemmqAtgan+WhepVUT","privKey":"8Eu9l8RKkpJGhTb5eUVQDuHDi7MndHmmNj8VdMfslFs="},"lastRemoteEphemeralKey":"Bep5o6jriJ6SuM3LDOEqtsjit1d9YnezrrIgbCGmwtA4","previousCounter":0,"rootKey":"xybdsoFkQa6D6Z1w4I+coudAkWMB21piA1mwxEu6UdM="},"indexInfo":{"baseKey":"BUbNLuJUzIBKMaaVdo6kmAPtw/R4mmbop1jI8zvJPTg/","baseKeyType":1,"closed":-1,"used":1750611136676,"created":1750611136676,"remoteIdentityKey":"Bcbic5C2MToiCmiV/GOnIDom2OZqz9fmD3yYvUacph4V"},"_chains":{"BcpW28Auw1p5TtIY5hvBlhmBToJemmqAtgan+WhepVUT":{"chainKey":{"counter":0,"key":"/uMex1qaCqnOsXWFpCCo3xi5kbggqRPkcqOmlX/Qcns="},"chainType":1,"messageKeys":{}}},"pendingPreKey":{"signedKeyId":12077275,"baseKey":"BUbNLuJUzIBKMaaVdo6kmAPtw/R4mmbop1jI8zvJPTg/","preKeyId":633}}},"version":"v1"}