{"_sessions":{"BcbusdI1p9jAEdv7c7mwSmSvW075RC1cHZXoKuDOHNgf":{"registrationId":1415844812,"currentRatchet":{"ephemeralKeyPair":{"pubKey":"BTH+O+ZUChNoW/5IY65iKYl31+8UXfWjuBYLm/1nfaJq","privKey":"qI7TctjekkEu25JeHEBzPC9+PI2zJ9EwZ8eTXg7WRF8="},"lastRemoteEphemeralKey":"BQx5OkQy2xG78kPW+rbnWmn/WP4JVobdZInKzWRY9JAT","previousCounter":0,"rootKey":"Bu3M15KnfmkSACsVZuFyfV/Etm2INXTwiMG9iuNuWOI="},"indexInfo":{"baseKey":"BcbusdI1p9jAEdv7c7mwSmSvW075RC1cHZXoKuDOHNgf","baseKeyType":2,"closed":-1,"used":1750581601276,"created":1750581601276,"remoteIdentityKey":"BS7rL9wgW5qYtibp8ERr4/L4sAefDiLakqDCj8I01OoE"},"_chains":{"BQx5OkQy2xG78kPW+rbnWmn/WP4JVobdZInKzWRY9JAT":{"chainKey":{"counter":0,"key":"0ztCzZnhEAqGsgSoSkqLCNDoKh8khuLQTP7LlfkGenk="},"chainType":2,"messageKeys":{}},"BTH+O+ZUChNoW/5IY65iKYl31+8UXfWjuBYLm/1nfaJq":{"chainKey":{"counter":0,"key":"16+YjPnR7+tcbl357iwAhZDYxxsNXmrQPYhPj0VMsgY="},"chainType":1,"messageKeys":{}}}}},"version":"v1"}