{"_sessions":{"BXxpdtlePfawjgBlUnlwybK0PconQRlfaJ3mjzB8FmgC":{"registrationId":189032916,"currentRatchet":{"ephemeralKeyPair":{"pubKey":"BVVVNY4H8kImemsq4K/brEQHQimdHQ48bCLF+OHc+Ekg","privKey":"IAH3tfckYwR8yCa5OLqXa1/YgbWteLf/LB7kREztHFs="},"lastRemoteEphemeralKey":"BV+3wG/JreDBrS39ZEvISSsIoJY4eDDPoxdyOwoRHY4U","previousCounter":0,"rootKey":"ag33+B5zSMtrEuCpLIN/M33/KdTe7PjB9WlSaJ4XwjI="},"indexInfo":{"baseKey":"BXxpdtlePfawjgBlUnlwybK0PconQRlfaJ3mjzB8FmgC","baseKeyType":1,"closed":-1,"used":1750608416776,"created":1750608416776,"remoteIdentityKey":"BWUuh2uxnufUKM3JosErFQhTb2qLLpnCjX/CTU8SZpU1"},"_chains":{"BVVVNY4H8kImemsq4K/brEQHQimdHQ48bCLF+OHc+Ekg":{"chainKey":{"counter":0,"key":"Qry6vixOG9zGPamNKBC/pkIFEkXRuAg+yhDAkxNkl3E="},"chainType":1,"messageKeys":{}}},"pendingPreKey":{"signedKeyId":18,"baseKey":"BXxpdtlePfawjgBlUnlwybK0PconQRlfaJ3mjzB8FmgC","preKeyId":16366145}}},"version":"v1"}