{"_sessions":{"BVM9WjOE98ksU1JwDFgHuc+JtyxjNBENZsFXSB09Iyxc":{"registrationId":628299350,"currentRatchet":{"ephemeralKeyPair":{"pubKey":"BWWFqNqLdCjgMptC/ef6BMkgeEd691UyGssoLblnxrtZ","privKey":"cO39rxFSs67IB9Opmg3nu/896uMX2PaO7vc7TrLu5Uo="},"lastRemoteEphemeralKey":"BXCiq4vAqI+ORRMIjLxkmSNWiVfsrhCQ5DLghWFMwrFb","previousCounter":0,"rootKey":"fiAxXqQ1UPp2Jyxh2rhpxy5RzkUbVbKXr8rk9zI9cy0="},"indexInfo":{"baseKey":"BVM9WjOE98ksU1JwDFgHuc+JtyxjNBENZsFXSB09Iyxc","baseKeyType":1,"closed":-1,"used":1750610992484,"created":1750610992484,"remoteIdentityKey":"BUODbQK6atStZym10k1dHrrFWdBvnaUC1nPN2eWsJCJW"},"_chains":{"BWWFqNqLdCjgMptC/ef6BMkgeEd691UyGssoLblnxrtZ":{"chainKey":{"counter":0,"key":"tVjOz7HziG1a5JHkB1NNApS884ZKWSDvVl3/Oy4aTIY="},"chainType":1,"messageKeys":{}}},"pendingPreKey":{"signedKeyId":12,"baseKey":"BVM9WjOE98ksU1JwDFgHuc+JtyxjNBENZsFXSB09Iyxc","preKeyId":11578378}}},"version":"v1"}