{"_sessions":{"BYn4YgwArshFqGnv68U6OwAZXTc4fCN9yY/rUah3EG9F":{"registrationId":726192740,"currentRatchet":{"ephemeralKeyPair":{"pubKey":"BaxCgx/IRHZR6wl94yqs2TLRaMnKH5ucu5a8fzo1wWkx","privKey":"CEUtRLmlXXb6x4/nF3LuqPg9ypk1Qn76ZA3kG7tiwEg="},"lastRemoteEphemeralKey":"BfFRj39OsDAgubUB7mdfEyh8LXabMT5Ip3qn4ul43qgU","previousCounter":0,"rootKey":"QCY10w0lJhiK6mR6LnoToNh6LhiMfyYleB5B/EkKarQ="},"indexInfo":{"baseKey":"BYn4YgwArshFqGnv68U6OwAZXTc4fCN9yY/rUah3EG9F","baseKeyType":2,"closed":-1,"used":1750606378678,"created":1750606378678,"remoteIdentityKey":"BXzvj35Z52WQ2XulpNGxrGlpo23lgSqDG9EVH4mPIk9x"},"_chains":{"BfFRj39OsDAgubUB7mdfEyh8LXabMT5Ip3qn4ul43qgU":{"chainKey":{"counter":0,"key":"TZo7hCirPzZmy9gkbqTYrAgc/rRi7tF1krD/1kOoNiE="},"chainType":2,"messageKeys":{}},"BaxCgx/IRHZR6wl94yqs2TLRaMnKH5ucu5a8fzo1wWkx":{"chainKey":{"counter":-1,"key":"IbrdVyoYILanOwCIYKAsNLW8N+oo9l2n9ZjoC2Z7AuM="},"chainType":1,"messageKeys":{}}}}},"version":"v1"}