{"_sessions":{"Bc1dw5caL6GKLeohbgCKK9oqYiAUJi3ryD0dWCbs4sNK":{"registrationId":474745051,"currentRatchet":{"ephemeralKeyPair":{"pubKey":"BZQHVlu1W2mYNsNn5FX0M/kSOuXYgSBekd86RT/JwdJt","privKey":"oNu52oUJAuToISVZB8tVE+bWSz3MSW0mq+765vG6yVA="},"lastRemoteEphemeralKey":"Bf0zu15U9dXZzUGTKitfkKGHcpDMiJ91S38gJTfEcK0S","previousCounter":0,"rootKey":"wOZmoMj2y7Y4JwlkqJ3QS5ax7F6X/AyGjzrUzKo1gYc="},"indexInfo":{"baseKey":"Bc1dw5caL6GKLeohbgCKK9oqYiAUJi3ryD0dWCbs4sNK","baseKeyType":1,"closed":-1,"used":1750620328868,"created":1750608416671,"remoteIdentityKey":"Bd3+dJoStqokKymvJe9nlhQmeSwuBWR+wYUckaPFRiQY"},"_chains":{"Bf0zu15U9dXZzUGTKitfkKGHcpDMiJ91S38gJTfEcK0S":{"chainKey":{"counter":2,"key":"47GsEaxlKd86F/3Sz5uvh/3Qc+weLmQ9z6gl1zGbWDU="},"chainType":2,"messageKeys":{"0":"amy1bV3SLBaIpiYDuOoNtbfCeMz6l8ShTQwDL8ky54E="}},"BZQHVlu1W2mYNsNn5FX0M/kSOuXYgSBekd86RT/JwdJt":{"chainKey":{"counter":-1,"key":"b2vwV+0Y28bGCFH2nJKG4lgyKSvZlNWv95lCygK+CRg="},"chainType":1,"messageKeys":{}}}}},"version":"v1"}