{"_sessions":{"Bcs6HnW0zeDTXpkLRg2bZLbRnWJxtaqqzzS2Um+o3Dob":{"registrationId":1330712722,"currentRatchet":{"ephemeralKeyPair":{"pubKey":"BdlivWZTTJT8LAx/g24b28T2RCCqnXnKfRZm5PiMLtAx","privKey":"ICdYifRubzi0j6Oyiz3N0Gt0dhbKbrNfOMbmcDAcyVg="},"lastRemoteEphemeralKey":"BallVF+2s0JZqzSWbfOMIPyJokPF1LJXZ1Pu4NMZ9pw/","previousCounter":0,"rootKey":"usGBnfINBSRsPstodO0lUcg9NwSYJY2HkIVqQrHsY0k="},"indexInfo":{"baseKey":"Bcs6HnW0zeDTXpkLRg2bZLbRnWJxtaqqzzS2Um+o3Dob","baseKeyType":1,"closed":-1,"used":1750610992667,"created":1750610992667,"remoteIdentityKey":"BUYzFnY43ryHp3iEZe0INDXWxp2pXLFGge6pjjc3kfkc"},"_chains":{"BdlivWZTTJT8LAx/g24b28T2RCCqnXnKfRZm5PiMLtAx":{"chainKey":{"counter":0,"key":"+9cK5xkNuVqFvktVUT6XPRdH/utZ4WXitTl60ziBqmc="},"chainType":1,"messageKeys":{}}},"pendingPreKey":{"signedKeyId":24,"baseKey":"Bcs6HnW0zeDTXpkLRg2bZLbRnWJxtaqqzzS2Um+o3Dob","preKeyId":166416}}},"version":"v1"}