{"_sessions":{"BWqBniYGEdP5GnN9S0b1BL5Vjf69EiL4XnIr5yW2jTQ/":{"registrationId":67554997,"currentRatchet":{"ephemeralKeyPair":{"pubKey":"BXMrRPzEVcusp3CEieoN5hvs2sFSsgYoo24jtA6g3acT","privKey":"gLKxwXQLAWzQDmUPhwT3qHtS2/UUMutWw0ZQmtIF530="},"lastRemoteEphemeralKey":"BbCYL82Mu/gLKzCLZ8YQnw3vhsb6sMUHAnnHsbpWo7Mj","previousCounter":0,"rootKey":"fdLuh0RAYeNew9/XUlWyzyUYMIVKw9xynCRV/xFYEdc="},"indexInfo":{"baseKey":"BWqBniYGEdP5GnN9S0b1BL5Vjf69EiL4XnIr5yW2jTQ/","baseKeyType":2,"closed":-1,"used":1750586222091,"created":1750586222091,"remoteIdentityKey":"BR53cMleg6HNe4wvTnAoXvt/ScBqpTc/D0Xq2k5tdFAq"},"_chains":{"BbCYL82Mu/gLKzCLZ8YQnw3vhsb6sMUHAnnHsbpWo7Mj":{"chainKey":{"counter":0,"key":"Dashl3+5+V8d6I2nYSESc6mTmhaDiVTqe7M+UfUd8GI="},"chainType":2,"messageKeys":{}},"BXMrRPzEVcusp3CEieoN5hvs2sFSsgYoo24jtA6g3acT":{"chainKey":{"counter":0,"key":"sVwGzZ17Hyhr3pTUuxraFgNWp/pru2lf8CsSUyqBVeo="},"chainType":1,"messageKeys":{}}}}},"version":"v1"}