{"_sessions":{"BUbw2q+yFsxab6m76WEMhNaztKmtcyudDkWPJyn43eMU":{"registrationId":1106783847,"currentRatchet":{"ephemeralKeyPair":{"pubKey":"BdRtVaNe0H3EiINmkAXFHCPApCbSIhv5rqjtSYebbfw7","privKey":"qA3Jddt5V5YOuqseEFTKUeVBw/3CLfofck3p2jMfLE8="},"lastRemoteEphemeralKey":"BdY1fKc5gQzwYnk/eVFA42LKFkGEW3AZCTEm94fkyql/","previousCounter":0,"rootKey":"t8CkD9NrpTpS5hcLMks+NWyiFjQwVW6so1FgUjxzEbE="},"indexInfo":{"baseKey":"BUbw2q+yFsxab6m76WEMhNaztKmtcyudDkWPJyn43eMU","baseKeyType":1,"closed":-1,"used":1750608415775,"created":1750608415775,"remoteIdentityKey":"BURcMppp7Elks6J1cTNXrhkZSXU1W5qVloK0UFYY6FYZ"},"_chains":{"BdRtVaNe0H3EiINmkAXFHCPApCbSIhv5rqjtSYebbfw7":{"chainKey":{"counter":0,"key":"TuDsmc0AUbERtuOXYcWm8wAvS+ZysvG7NFzEyGMjXMc="},"chainType":1,"messageKeys":{}}},"pendingPreKey":{"signedKeyId":1,"baseKey":"BUbw2q+yFsxab6m76WEMhNaztKmtcyudDkWPJyn43eMU","preKeyId":348}}},"version":"v1"}