{"_sessions":{"BXTB8FwFpLewZWQj0pvTfR5BOT2rck3gw7u79qFGW71e":{"registrationId":14845,"currentRatchet":{"ephemeralKeyPair":{"pubKey":"BfpvS5EXuB1lzbfn5E9KgIEu3lj6DSoLz2i8DIsOkSRo","privKey":"WBTBpniDhZWOar3rhDD23dly3Qru1ZKR4pexPNZ2QWg="},"lastRemoteEphemeralKey":"BbY0aQiPpENp+e/sEPJYGv8AvQQcvRfZDr+70KOkAhNF","previousCounter":0,"rootKey":"iEazh8vtyTdUITmtZHTlJP5KqIPBAivLQuYT1TLWiuM="},"indexInfo":{"baseKey":"BXTB8FwFpLewZWQj0pvTfR5BOT2rck3gw7u79qFGW71e","baseKeyType":2,"closed":-1,"used":1750585809673,"created":1750585809673,"remoteIdentityKey":"BTHY+4Kke2FIiPJYwmF/RgGl3XbJKL11cJknQs9WIpNB"},"_chains":{"BbY0aQiPpENp+e/sEPJYGv8AvQQcvRfZDr+70KOkAhNF":{"chainKey":{"counter":0,"key":"r2BCWRliYYQ8hThORdxZft3fR7ESWTtuqkRTmIXpvzc="},"chainType":2,"messageKeys":{}},"BfpvS5EXuB1lzbfn5E9KgIEu3lj6DSoLz2i8DIsOkSRo":{"chainKey":{"counter":0,"key":"VzXOXFbvqdcp/o19z0Gw3KWpcbTn7l2wMG5HJ3dgZr4="},"chainType":1,"messageKeys":{}}}}},"version":"v1"}