{"_sessions":{"BX5OyTGTzWee12mlz1ZOIXSu+XJAaPATnUx3unNlFrkQ":{"registrationId":546912780,"currentRatchet":{"ephemeralKeyPair":{"pubKey":"Bdde70nH8vyqlnGK2GFBK2mcWXrHX04piHcjmVSBW5tD","privKey":"CA3I5/qUyKzzbTD8plOkI0JHDFAg0w1Rw9iiKsktmVU="},"lastRemoteEphemeralKey":"BcJLXZSeWOchIGsi3zU3+CtlfOk8oDdXr/Q4GGBQcL8x","previousCounter":0,"rootKey":"oiCyUxfTJtE+H+6XTAFtyqDFWu9RISST9i8u005an48="},"indexInfo":{"baseKey":"BX5OyTGTzWee12mlz1ZOIXSu+XJAaPATnUx3unNlFrkQ","baseKeyType":1,"closed":-1,"used":1750611136177,"created":1750611136177,"remoteIdentityKey":"BQYGgX80YlHuMxd6dZNKvMfALO8IF18FKjdJ9nK5IP0v"},"_chains":{"Bdde70nH8vyqlnGK2GFBK2mcWXrHX04piHcjmVSBW5tD":{"chainKey":{"counter":0,"key":"LS6hgf7H3621ZHL5mw+03pryieW0QgGDBL8YjJVlECg="},"chainType":1,"messageKeys":{}}},"pendingPreKey":{"signedKeyId":6,"baseKey":"BX5OyTGTzWee12mlz1ZOIXSu+XJAaPATnUx3unNlFrkQ"}}},"version":"v1"}