{"_sessions":{"Bd0y2nwFws+IMaLraUpe/LMeATpmIYi4AhoD/ic+XRpz":{"registrationId":1123615175,"currentRatchet":{"ephemeralKeyPair":{"pubKey":"BTRpLINaVBOK+wLvVZhrReQ3ZqgrzF0W3Gn55YZ3I3Eh","privKey":"kGMBam7eXODB6O+4PBSwbxxjObYlgkYNbSnoVw6j4Hc="},"lastRemoteEphemeralKey":"Bf890qcTk6rGXhnO5OaB6WOIbmQpGBdV0ob76Dyk/tVa","previousCounter":0,"rootKey":"5HLZdQVuI94EQwEifhYSeDLvvdJzXj86vWy2Hp+Cn+A="},"indexInfo":{"baseKey":"Bd0y2nwFws+IMaLraUpe/LMeATpmIYi4AhoD/ic+XRpz","baseKeyType":2,"closed":-1,"used":1750622082584,"created":1750622082584,"remoteIdentityKey":"BVal1XrWqOnZGBflW7OhSQGpdJ5BI1Pw/YOSvnt+Bb5p"},"_chains":{"Bf890qcTk6rGXhnO5OaB6WOIbmQpGBdV0ob76Dyk/tVa":{"chainKey":{"counter":0,"key":"tfzlSWgJd7QNLVoDNc202gqkfrH/JQ0hz2epPhU2Hw8="},"chainType":2,"messageKeys":{}},"BTRpLINaVBOK+wLvVZhrReQ3ZqgrzF0W3Gn55YZ3I3Eh":{"chainKey":{"counter":-1,"key":"oAtK2CcDbXHwVI1Az2zLW7gTDx1tiHs/7pu9N+JkO74="},"chainType":1,"messageKeys":{}}}}},"version":"v1"}