{"_sessions":{"BVoO5OanTyOVJsGc87a4gAv81aPhLoR5vGwr/nuc+dBn":{"registrationId":1100390523,"currentRatchet":{"ephemeralKeyPair":{"pubKey":"BTBodT9kJwF7ZjQhl/+6MmfsczDm84Ir49FvYE5XeDQe","privKey":"UMNRZi9wxrale60MfbTrHxAm1+63pkYZ4RIF+/nJ0k4="},"lastRemoteEphemeralKey":"BcKr5KHYoGVdk5Pc1CokuafW6h+HQTzWo1wbpg69ekJr","previousCounter":0,"rootKey":"7yddkCLuk5QOR4hWdfkfT/q3LIUEigsGkk051FOguIw="},"indexInfo":{"baseKey":"BVoO5OanTyOVJsGc87a4gAv81aPhLoR5vGwr/nuc+dBn","baseKeyType":1,"closed":-1,"used":1750611136761,"created":1750611136761,"remoteIdentityKey":"Be0R5/CRO/5qhibsaX6nkpquc2xEOQBCvTFXM86pwL9b"},"_chains":{"BTBodT9kJwF7ZjQhl/+6MmfsczDm84Ir49FvYE5XeDQe":{"chainKey":{"counter":0,"key":"wnUWyd+uGgauuuQWCo7/2Tir8h0X1YcE6lxT/BjXLV4="},"chainType":1,"messageKeys":{}}},"pendingPreKey":{"signedKeyId":7,"baseKey":"BVoO5OanTyOVJsGc87a4gAv81aPhLoR5vGwr/nuc+dBn","preKeyId":14027984}}},"version":"v1"}